{
  "42": {
    "scaffold_split": {
      "rf": {
        "rmse": 0.8102079465111915,
        "mae": 0.5736104471473287,
        "r2": 0.3525241246619132
      },
      "xgb": {
        "rmse": 0.8122281940359243,
        "mae": 0.5837839841842651,
        "r2": 0.3492911458015442
      },
      "rf_xgb": {
        "rmse": 0.8039021601551164,
        "mae": 0.5725827199329288,
        "r2": 0.3625634147602771
      }
    },
    "study_split": {
      "rf": {
        "rmse": 1.0384563320027167,
        "mae": 0.7757236440436951,
        "r2": -0.07873863611289478
      },
      "xgb": {
        "rmse": 1.041378566319613,
        "mae": 0.7777525186538696,
        "r2": -0.08481836318969727
      },
      "rf_xgb": {
        "rmse": 1.0336532466521924,
        "mae": 0.7713842199933273,
        "r2": -0.06878291371132028
      }
    }
  },
  "123": {
    "scaffold_split": {
      "rf": {
        "rmse": 0.7538533161487297,
        "mae": 0.541431513109877,
        "r2": 0.4268000388923029
      },
      "xgb": {
        "rmse": 0.7510659272556242,
        "mae": 0.5434156060218811,
        "r2": 0.4310309886932373
      },
      "rf_xgb": {
        "rmse": 0.7452283563023059,
        "mae": 0.5373523455569943,
        "r2": 0.43984115704114823
      }
    },
    "study_split": {
      "rf": {
        "rmse": 1.064266081764163,
        "mae": 0.8691441139297552,
        "r2": -0.13391201016984144
      },
      "xgb": {
        "rmse": 1.0741162615349245,
        "mae": 0.8658568263053894,
        "r2": -0.1549985408782959
      },
      "rf_xgb": {
        "rmse": 1.0576759495840709,
        "mae": 0.8598760599269285,
        "r2": -0.11991270266115928
      }
    }
  },
  "456": {
    "scaffold_split": {
      "rf": {
        "rmse": 0.7376257377659947,
        "mae": 0.5369188097671347,
        "r2": 0.4108231533626191
      },
      "xgb": {
        "rmse": 0.7383053084394345,
        "mae": 0.5487793684005737,
        "r2": 0.4097370505332947
      },
      "rf_xgb": {
        "rmse": 0.730923429343443,
        "mae": 0.5367737267754638,
        "r2": 0.421481416741327
      }
    },
    "study_split": {
      "rf": {
        "rmse": 1.0728352952915299,
        "mae": 0.839387030009608,
        "r2": -0.1522239290943741
      },
      "xgb": {
        "rmse": 1.0727024543518626,
        "mae": 0.8381461501121521,
        "r2": -0.1519385576248169
      },
      "rf_xgb": {
        "rmse": 1.064821886109571,
        "mae": 0.8331397583428819,
        "r2": -0.13507542814467932
      }
    }
  },
  "789": {
    "scaffold_split": {
      "rf": {
        "rmse": 0.8119212995038626,
        "mae": 0.5654924778065065,
        "r2": 0.3375591867940554
      },
      "xgb": {
        "rmse": 0.8072592000688091,
        "mae": 0.5632911324501038,
        "r2": 0.3451448678970337
      },
      "rf_xgb": {
        "rmse": 0.8026933071420624,
        "mae": 0.5592587373569767,
        "r2": 0.3525317210650717
      }
    },
    "study_split": {
      "rf": {
        "rmse": 0.9786672834043957,
        "mae": 0.7517294673281293,
        "r2": 0.04180424721801801
      },
      "xgb": {
        "rmse": 1.0020588304110678,
        "mae": 0.7679652571678162,
        "r2": -0.004547595977783203
      },
      "rf_xgb": {
        "rmse": 0.9816541816248247,
        "mae": 0.753252273702674,
        "r2": 0.035946483893642855
      }
    }
  },
  "2024": {
    "scaffold_split": {
      "rf": {
        "rmse": 0.7542749069716527,
        "mae": 0.5321807769428054,
        "r2": 0.38394914612712727
      },
      "xgb": {
        "rmse": 0.7475713508259969,
        "mae": 0.5367538928985596,
        "r2": 0.3948507308959961
      },
      "rf_xgb": {
        "rmse": 0.7439594384124559,
        "mae": 0.5299767881799685,
        "r2": 0.40068415520301004
      }
    },
    "study_split": {
      "rf": {
        "rmse": 1.1807747834067936,
        "mae": 0.8369461556915972,
        "r2": -0.3983765330191984
      },
      "xgb": {
        "rmse": 1.2124145851331514,
        "mae": 0.8855017423629761,
        "r2": -0.47432172298431396
      },
      "rf_xgb": {
        "rmse": 1.18634449826232,
        "mae": 0.8544896209000273,
        "r2": -0.41159993171519305
      }
    }
  }
}