{
  "42": {
    "scaffold_split": {
      "xgb_tuned": {
        "rmse": 0.7954735868206148,
        "mae": 0.5677895545959473,
        "r2": 0.3758598566055298
      },
      "rf": {
        "rmse": 0.8102079465111915,
        "mae": 0.5736104471473287,
        "r2": 0.3525241246619132
      },
      "ensemble": {
        "rmse": 0.7963002828973814,
        "mae": 0.5650873031469205,
        "r2": 0.3745618987620436
      }
    },
    "study_split": {
      "xgb_tuned": {
        "rmse": 1.0293425055854497,
        "mae": 0.7696740031242371,
        "r2": -0.059887051582336426
      },
      "rf": {
        "rmse": 1.0384563320027167,
        "mae": 0.7757236440436951,
        "r2": -0.07873863611289478
      },
      "ensemble": {
        "rmse": 1.0289145674167188,
        "mae": 0.7682964403212814,
        "r2": -0.05900592070531063
      }
    }
  },
  "123": {
    "scaffold_split": {
      "xgb_tuned": {
        "rmse": 0.7470164161139674,
        "mae": 0.5436888933181763,
        "r2": 0.43714988231658936
      },
      "rf": {
        "rmse": 0.7538533161487297,
        "mae": 0.5414315131098769,
        "r2": 0.4268000388923029
      },
      "ensemble": {
        "rmse": 0.7441133754865406,
        "mae": 0.5378052809199875,
        "r2": 0.44151607757473954
      }
    },
    "study_split": {
      "xgb_tuned": {
        "rmse": 1.0516486009375094,
        "mae": 0.8520054221153259,
        "r2": -0.10718488693237305
      },
      "rf": {
        "rmse": 1.0642660817641627,
        "mae": 0.8691441139297552,
        "r2": -0.13391201016984122
      },
      "ensemble": {
        "rmse": 1.0460114023097893,
        "mae": 0.8551955639128334,
        "r2": -0.09534706759443723
      }
    }
  },
  "456": {
    "scaffold_split": {
      "xgb_tuned": {
        "rmse": 0.7307039178105539,
        "mae": 0.5385786890983582,
        "r2": 0.42182886600494385
      },
      "rf": {
        "rmse": 0.7376257377659947,
        "mae": 0.5369188097671347,
        "r2": 0.4108231533626191
      },
      "ensemble": {
        "rmse": 0.727625793223349,
        "mae": 0.5317692178929242,
        "r2": 0.42668973325956905
      }
    },
    "study_split": {
      "xgb_tuned": {
        "rmse": 1.0504632064353043,
        "mae": 0.82760089635849,
        "r2": -0.10466980934143066
      },
      "rf": {
        "rmse": 1.0728352952915299,
        "mae": 0.839387030009608,
        "r2": -0.1522239290943741
      },
      "ensemble": {
        "rmse": 1.056558926136512,
        "mae": 0.830069797317914,
        "r2": -0.11752753142224726
      }
    }
  },
  "789": {
    "scaffold_split": {
      "xgb_tuned": {
        "rmse": 0.8037234707454194,
        "mae": 0.5582330226898193,
        "r2": 0.35086870193481445
      },
      "rf": {
        "rmse": 0.8119212995038626,
        "mae": 0.5654924778065064,
        "r2": 0.3375591867940553
      },
      "ensemble": {
        "rmse": 0.8019631487115235,
        "mae": 0.5574368755460226,
        "r2": 0.35370910575492376
      }
    },
    "study_split": {
      "xgb_tuned": {
        "rmse": 0.9719199952138847,
        "mae": 0.7511693835258484,
        "r2": 0.05497103929519653
      },
      "rf": {
        "rmse": 0.9786672834043957,
        "mae": 0.7517294673281293,
        "r2": 0.04180424721801801
      },
      "ensemble": {
        "rmse": 0.9689083498780104,
        "mae": 0.7472766334339417,
        "r2": 0.06081856698307997
      }
    }
  },
  "2024": {
    "scaffold_split": {
      "xgb_tuned": {
        "rmse": 0.7407782174824598,
        "mae": 0.5310969352722168,
        "r2": 0.40579867362976074
      },
      "rf": {
        "rmse": 0.7542749069716527,
        "mae": 0.5321807769428054,
        "r2": 0.38394914612712727
      },
      "ensemble": {
        "rmse": 0.741571476311786,
        "mae": 0.527138877609733,
        "r2": 0.40452535031832604
      }
    },
    "study_split": {
      "xgb_tuned": {
        "rmse": 1.1819176719543087,
        "mae": 0.8558317422866821,
        "r2": -0.4010847806930542
      },
      "rf": {
        "rmse": 1.1807747834067936,
        "mae": 0.8369461556915972,
        "r2": -0.3983765330191984
      },
      "ensemble": {
        "rmse": 1.1735612076178212,
        "mae": 0.8413029015454673,
        "r2": -0.38134283167344263
      }
    }
  }
}