{
  "42": {
    "scaffold_split": {
      "rf": {
        "rmse": 0.809139783289751,
        "mae": 0.5733974811731147,
        "r2": 0.35423023978186396
      },
      "xgb": {
        "rmse": 0.8127328832367519,
        "mae": 0.5865020155906677,
        "r2": 0.3484821915626526
      },
      "rf_xgb": {
        "rmse": 0.8029805088988183,
        "mae": 0.5733488486553624,
        "r2": 0.3640241832116601
      }
    },
    "study_split": {
      "rf": {
        "rmse": 1.0128259879933372,
        "mae": 0.7556513842260283,
        "r2": -0.026146643191411023
      },
      "xgb": {
        "rmse": 1.012566641980919,
        "mae": 0.7579509615898132,
        "r2": -0.02562117576599121
      },
      "rf_xgb": {
        "rmse": 1.006575958059498,
        "mae": 0.7528853946872361,
        "r2": -0.013521258380352563
      }
    }
  },
  "123": {
    "scaffold_split": {
      "rf": {
        "rmse": 0.7522509780112792,
        "mae": 0.5392397844263027,
        "r2": 0.4292341571243845
      },
      "xgb": {
        "rmse": 0.7507441722911717,
        "mae": 0.5456134080886841,
        "r2": 0.43151843547821045
      },
      "rf_xgb": {
        "rmse": 0.7438642000026642,
        "mae": 0.5363608611341845,
        "r2": 0.4418900453231802
      }
    },
    "study_split": {
      "rf": {
        "rmse": 1.0404679708957711,
        "mae": 0.8551263519936882,
        "r2": -0.08376805072134408
      },
      "xgb": {
        "rmse": 1.057308867115739,
        "mae": 0.8648779392242432,
        "r2": -0.11913526058197021
      },
      "rf_xgb": {
        "rmse": 1.0387691762484883,
        "mae": 0.8531756807934263,
        "r2": -0.08023195655320747
      }
    }
  },
  "456": {
    "scaffold_split": {
      "rf": {
        "rmse": 0.7362113822744965,
        "mae": 0.5359813031728764,
        "r2": 0.41308041353636404
      },
      "xgb": {
        "rmse": 0.7356870172330668,
        "mae": 0.5486146211624146,
        "r2": 0.4139162302017212
      },
      "rf_xgb": {
        "rmse": 0.728162597866669,
        "mae": 0.5354548092576012,
        "r2": 0.4258435039499525
      }
    },
    "study_split": {
      "rf": {
        "rmse": 1.0546985586232795,
        "mae": 0.8234965837654584,
        "r2": -0.11359555655132425
      },
      "xgb": {
        "rmse": 1.04718132661544,
        "mae": 0.8198251128196716,
        "r2": -0.0977780818939209
      },
      "rf_xgb": {
        "rmse": 1.0443012719950293,
        "mae": 0.817321448134134,
        "r2": -0.09174798328190392
      }
    }
  },
  "789": {
    "scaffold_split": {
      "rf": {
        "rmse": 0.8119616870326287,
        "mae": 0.5649107319874132,
        "r2": 0.33749328136002277
      },
      "xgb": {
        "rmse": 0.8128429202701434,
        "mae": 0.5621691942214966,
        "r2": 0.3360544443130493
      },
      "rf_xgb": {
        "rmse": 0.8051738588012115,
        "mae": 0.5582273589322309,
        "r2": 0.3485238138856086
      }
    },
    "study_split": {
      "rf": {
        "rmse": 1.0499232041642963,
        "mae": 0.795305001235498,
        "r2": -0.10280612438270209
      },
      "xgb": {
        "rmse": 1.0396104099414445,
        "mae": 0.7955273985862732,
        "r2": -0.08124804496765137
      },
      "rf_xgb": {
        "rmse": 1.034211869282002,
        "mae": 0.7859116588612357,
        "r2": -0.0700476966731085
      }
    }
  },
  "2024": {
    "scaffold_split": {
      "rf": {
        "rmse": 0.7512051170714704,
        "mae": 0.5298129674171451,
        "r2": 0.3889534179777998
      },
      "xgb": {
        "rmse": 0.747759572127589,
        "mae": 0.5374704003334045,
        "r2": 0.39454591274261475
      },
      "rf_xgb": {
        "rmse": 0.7421942873557714,
        "mae": 0.5283228373308481,
        "r2": 0.4035247079326064
      }
    },
    "study_split": {
      "rf": {
        "rmse": 1.1287051047996257,
        "mae": 0.8061131744265854,
        "r2": -0.2777649356461642
      },
      "xgb": {
        "rmse": 1.1811020814026727,
        "mae": 0.8722093105316162,
        "r2": -0.39915192127227783
      },
      "rf_xgb": {
        "rmse": 1.146330298413194,
        "mae": 0.8339599171365368,
        "r2": -0.31798215532660556
      }
    }
  }
}