{
  "config": {
    "strategies": [
      "discrete_xgb_greedy"
    ],
    "rounds": 30,
    "batch_size": 6,
    "seed": 42,
    "n_seeds": 500,
    "subset": null,
    "kappa": 5.0,
    "xi": 0.01,
    "normalize": "copula",
    "feature_type": "lantern_unimol",
    "n_pcs": null,
    "reduction": "pca",
    "context_features": false,
    "fp_radius": null,
    "fp_bits": null
  },
  "results": {
    "discrete_xgb_greedy": {
      "metrics": {
        "final_best": 7.223938424,
        "auc": 7.223938424,
        "top_k_recall": {
          "10": 0.3,
          "50": 0.28,
          "100": 0.25
        },
        "n_rounds": 30,
        "n_total_evaluated": 680
      },
      "elapsed": 18.750321865081787,
      "best_so_far": [
        7.223938424,
        7.223938424,
        7.223938424,
        7.223938424,
        7.223938424,
        7.223938424,
        7.223938424,
        7.223938424,
        7.223938424,
        7.223938424,
        7.223938424,
        7.223938424,
        7.223938424,
        7.223938424,
        7.223938424,
        7.223938424,
        7.223938424,
        7.223938424,
        7.223938424,
        7.223938424,
        7.223938424,
        7.223938424,
        7.223938424,
        7.223938424,
        7.223938424,
        7.223938424,
        7.223938424,
        7.223938424,
        7.223938424,
        7.223938424,
        7.223938424
      ],
      "round_best": [
        0.133923124,
        4.687760163,
        4.020740553,
        3.705416942,
        5.651833082,
        4.463215259,
        3.991554574,
        3.362729205,
        2.801083031,
        3.364189095,
        2.324919859,
        2.554077778,
        4.207604886,
        2.915576705,
        2.451185752,
        2.245236056,
        2.451844171,
        2.544416933,
        2.029091123,
        2.535212968,
        3.482298068,
        4.200415843,
        4.775968805,
        1.807920463,
        4.992373602,
        1.745856628,
        2.463309074,
        1.817488807,
        2.060485326,
        1.781509309
      ],
      "n_evaluated": [
        500,
        506,
        512,
        518,
        524,
        530,
        536,
        542,
        548,
        554,
        560,
        566,
        572,
        578,
        584,
        590,
        596,
        602,
        608,
        614,
        620,
        626,
        632,
        638,
        644,
        650,
        656,
        662,
        668,
        674,
        680
      ]
    }
  }
}