{
  "config": {
    "strategies": [
      "discrete_xgb_greedy"
    ],
    "rounds": 15,
    "batch_size": 12,
    "seed": 42,
    "n_seeds": 500,
    "subset": null,
    "kappa": 5.0,
    "xi": 0.01,
    "normalize": "copula",
    "feature_type": "mordred",
    "n_pcs": 20,
    "reduction": "pca",
    "context_features": false,
    "fp_radius": null,
    "fp_bits": null
  },
  "results": {
    "discrete_xgb_greedy": {
      "metrics": {
        "final_best": 8.73,
        "auc": 8.2781815272,
        "top_k_recall": {
          "10": 0.4,
          "50": 0.24,
          "100": 0.17
        },
        "n_rounds": 15,
        "n_total_evaluated": 680
      },
      "elapsed": 7.104308128356934,
      "best_so_far": [
        7.223938424,
        7.223938424,
        7.223938424,
        7.223938424,
        7.223938424,
        8.73,
        8.73,
        8.73,
        8.73,
        8.73,
        8.73,
        8.73,
        8.73,
        8.73,
        8.73,
        8.73
      ],
      "round_best": [
        3.969856904,
        4.87,
        2.801083031,
        2.008126856,
        8.73,
        2.649882909,
        3.991554574,
        3.362729205,
        2.915576705,
        3.364189095,
        3.188261707,
        5.651833082,
        2.166025269,
        2.748372351,
        1.85005724
      ],
      "n_evaluated": [
        500,
        512,
        524,
        536,
        548,
        560,
        572,
        584,
        596,
        608,
        620,
        632,
        644,
        656,
        668,
        680
      ]
    }
  }
}