{
  "config": {
    "strategies": [
      "discrete_xgb_greedy"
    ],
    "rounds": 30,
    "batch_size": 6,
    "seed": 2024,
    "n_seeds": 500,
    "subset": null,
    "kappa": 5.0,
    "xi": 0.01,
    "normalize": "copula",
    "feature_type": "lantern",
    "n_pcs": null,
    "reduction": "pca",
    "context_features": false,
    "fp_radius": null,
    "fp_bits": null
  },
  "results": {
    "discrete_xgb_greedy": {
      "metrics": {
        "final_best": 5.201422,
        "auc": 5.079365835816666,
        "top_k_recall": {
          "10": 0.0,
          "50": 0.14,
          "100": 0.21
        },
        "n_rounds": 30,
        "n_total_evaluated": 680
      },
      "elapsed": 8.217164039611816,
      "best_so_far": [
        3.820367389,
        3.820367389,
        3.820367389,
        4.992373602,
        5.201422,
        5.201422,
        5.201422,
        5.201422,
        5.201422,
        5.201422,
        5.201422,
        5.201422,
        5.201422,
        5.201422,
        5.201422,
        5.201422,
        5.201422,
        5.201422,
        5.201422,
        5.201422,
        5.201422,
        5.201422,
        5.201422,
        5.201422,
        5.201422,
        5.201422,
        5.201422,
        5.201422,
        5.201422,
        5.201422,
        5.201422
      ],
      "round_best": [
        2.46421997,
        2.455779717,
        4.992373602,
        5.201422,
        3.613084198,
        2.996762819,
        2.588247783,
        3.724757028,
        3.486433466,
        3.036562101,
        4.542829137,
        3.898707057,
        2.318392399,
        2.778658505,
        4.775968805,
        3.711520803,
        2.086877407,
        2.35010035,
        4.200415843,
        3.714937716,
        4.472089488,
        1.547642573,
        3.844042837,
        1.457693828,
        2.95220475,
        2.196082231,
        2.362672311,
        2.95220475,
        1.726660714,
        0.069827884
      ],
      "n_evaluated": [
        500,
        506,
        512,
        518,
        524,
        530,
        536,
        542,
        548,
        554,
        560,
        566,
        572,
        578,
        584,
        590,
        596,
        602,
        608,
        614,
        620,
        626,
        632,
        638,
        644,
        650,
        656,
        662,
        668,
        674,
        680
      ]
    }
  }
}