{
  "config": {
    "strategies": [
      "discrete_xgb_greedy"
    ],
    "rounds": 15,
    "batch_size": 12,
    "seed": 789,
    "n_seeds": 500,
    "subset": null,
    "kappa": 5.0,
    "xi": 0.01,
    "normalize": "copula",
    "feature_type": "lantern",
    "n_pcs": null,
    "reduction": "pca",
    "context_features": false,
    "fp_radius": null,
    "fp_bits": null
  },
  "results": {
    "discrete_xgb_greedy": {
      "metrics": {
        "final_best": 4.992373602,
        "auc": 4.958289712066664,
        "top_k_recall": {
          "10": 0.0,
          "50": 0.18,
          "100": 0.19
        },
        "n_rounds": 15,
        "n_total_evaluated": 680
      },
      "elapsed": 5.387040853500366,
      "best_so_far": [
        3.969856904,
        4.992373602,
        4.992373602,
        4.992373602,
        4.992373602,
        4.992373602,
        4.992373602,
        4.992373602,
        4.992373602,
        4.992373602,
        4.992373602,
        4.992373602,
        4.992373602,
        4.992373602,
        4.992373602,
        4.992373602
      ],
      "round_best": [
        4.992373602,
        4.026775697,
        4.775968805,
        4.165760723,
        3.991554574,
        2.201081566,
        2.95220475,
        4.542829137,
        3.724757028,
        4.200415843,
        3.199768113,
        4.020740553,
        3.486433466,
        2.95220475,
        2.95220475
      ],
      "n_evaluated": [
        500,
        512,
        524,
        536,
        548,
        560,
        572,
        584,
        596,
        608,
        620,
        632,
        644,
        656,
        668,
        680
      ]
    }
  }
}