{
  "config": {
    "strategies": [
      "discrete_xgb_greedy"
    ],
    "rounds": 15,
    "batch_size": 12,
    "seed": 123,
    "n_seeds": 500,
    "subset": null,
    "kappa": 5.0,
    "xi": 0.01,
    "normalize": "copula",
    "feature_type": "count_mfp",
    "n_pcs": null,
    "reduction": "pca",
    "context_features": false,
    "fp_radius": null,
    "fp_bits": null
  },
  "results": {
    "discrete_xgb_greedy": {
      "metrics": {
        "final_best": 5.204579094,
        "auc": 5.069761336533332,
        "top_k_recall": {
          "10": 0.1,
          "50": 0.38,
          "100": 0.29
        },
        "n_rounds": 15,
        "n_total_evaluated": 680
      },
      "elapsed": 9.160805940628052,
      "best_so_far": [
        4.992373602,
        4.992373602,
        4.992373602,
        4.992373602,
        4.992373602,
        4.992373602,
        4.992373602,
        4.992373602,
        4.992373602,
        4.992373602,
        5.201422,
        5.201422,
        5.204579094,
        5.204579094,
        5.204579094,
        5.204579094
      ],
      "round_best": [
        4.289919611,
        4.329460088,
        4.172819137,
        4.165760723,
        2.644162399,
        4.775968805,
        4.026775697,
        4.544497192,
        2.827834123,
        5.201422,
        2.805850637,
        5.204579094,
        3.891100547,
        5.204579094,
        3.462880392
      ],
      "n_evaluated": [
        500,
        512,
        524,
        536,
        548,
        560,
        572,
        584,
        596,
        608,
        620,
        632,
        644,
        656,
        668,
        680
      ]
    }
  }
}