{
  "config": {
    "strategies": [
      "discrete_xgb_greedy"
    ],
    "rounds": 15,
    "batch_size": 12,
    "seed": 2024,
    "n_seeds": 500,
    "subset": null,
    "kappa": 5.0,
    "xi": 0.01,
    "normalize": "copula",
    "feature_type": "lantern_unimol",
    "n_pcs": null,
    "reduction": "pca",
    "context_features": false,
    "fp_radius": null,
    "fp_bits": null
  },
  "results": {
    "discrete_xgb_greedy": {
      "metrics": {
        "final_best": 5.201422,
        "auc": 4.9915372282999995,
        "top_k_recall": {
          "10": 0.0,
          "50": 0.12,
          "100": 0.14
        },
        "n_rounds": 15,
        "n_total_evaluated": 680
      },
      "elapsed": 5.650727987289429,
      "best_so_far": [
        3.820367389,
        3.820367389,
        4.542829137,
        4.992373602,
        4.992373602,
        5.201422,
        5.201422,
        5.201422,
        5.201422,
        5.201422,
        5.201422,
        5.201422,
        5.201422,
        5.201422,
        5.201422,
        5.201422
      ],
      "round_best": [
        2.672694608,
        4.542829137,
        4.992373602,
        4.775968805,
        5.201422,
        3.71723523,
        3.737306236,
        2.877380383,
        2.556162883,
        2.692144758,
        2.367230044,
        1.989962106,
        1.773420248,
        2.362672311,
        3.991554574
      ],
      "n_evaluated": [
        500,
        512,
        524,
        536,
        548,
        560,
        572,
        584,
        596,
        608,
        620,
        632,
        644,
        656,
        668,
        680
      ]
    }
  }
}