{
  "config": {
    "strategies": [
      "random"
    ],
    "rounds": 15,
    "batch_size": 12,
    "seed": 789,
    "n_seeds": 500,
    "subset": null,
    "kappa": 5.0,
    "xi": 0.01,
    "normalize": "copula",
    "feature_type": "lantern",
    "n_pcs": null,
    "reduction": "pca",
    "context_features": false,
    "fp_radius": null,
    "fp_bits": null
  },
  "results": {
    "random": {
      "metrics": {
        "final_best": 4.200415843,
        "auc": 3.9775422019666666,
        "top_k_recall": {
          "10": 0.0,
          "50": 0.02,
          "100": 0.05
        },
        "n_rounds": 15,
        "n_total_evaluated": 680
      },
      "elapsed": 0.013295888900756836,
      "best_so_far": [
        3.969856904,
        3.969856904,
        3.969856904,
        3.969856904,
        3.969856904,
        3.969856904,
        3.969856904,
        3.969856904,
        3.969856904,
        3.969856904,
        3.969856904,
        3.969856904,
        3.969856904,
        3.969856904,
        3.969856904,
        4.200415843
      ],
      "round_best": [
        2.131948569,
        1.85005724,
        1.101673503,
        1.280043528,
        2.131213857,
        1.775434945,
        1.663039846,
        3.536405114,
        0.947192922,
        1.707074955,
        1.857466778,
        2.226891737,
        3.277323412,
        0.979579324,
        4.200415843
      ],
      "n_evaluated": [
        500,
        512,
        524,
        536,
        548,
        560,
        572,
        584,
        596,
        608,
        620,
        632,
        644,
        656,
        668,
        680
      ]
    }
  }
}