{
  "config": {
    "strategies": [
      "discrete_xgb_greedy"
    ],
    "rounds": 15,
    "batch_size": 12,
    "seed": 2024,
    "n_seeds": 500,
    "subset": null,
    "kappa": 5.0,
    "xi": 0.01,
    "normalize": "copula",
    "feature_type": "mordred",
    "n_pcs": 20,
    "reduction": "pca",
    "context_features": false,
    "fp_radius": null,
    "fp_bits": null
  },
  "results": {
    "discrete_xgb_greedy": {
      "metrics": {
        "final_best": 5.201422,
        "auc": 4.647740018033332,
        "top_k_recall": {
          "10": 0.0,
          "50": 0.14,
          "100": 0.18
        },
        "n_rounds": 15,
        "n_total_evaluated": 680
      },
      "elapsed": 7.325181245803833,
      "best_so_far": [
        3.820367389,
        3.820367389,
        3.820367389,
        3.820367389,
        3.820367389,
        4.992373602,
        4.992373602,
        4.992373602,
        4.992373602,
        4.992373602,
        4.992373602,
        4.992373602,
        4.992373602,
        4.992373602,
        4.992373602,
        5.201422
      ],
      "round_best": [
        3.613084198,
        3.376651663,
        3.724757028,
        2.801083031,
        4.992373602,
        3.694621139,
        3.055411551,
        2.169870421,
        4.775968805,
        4.172819137,
        3.991554574,
        4.329460088,
        3.127400177,
        2.451185752,
        5.201422
      ],
      "n_evaluated": [
        500,
        512,
        524,
        536,
        548,
        560,
        572,
        584,
        596,
        608,
        620,
        632,
        644,
        656,
        668,
        680
      ]
    }
  }
}