{
  "config": {
    "strategies": [
      "discrete_xgb_greedy"
    ],
    "rounds": 30,
    "batch_size": 6,
    "seed": 42,
    "n_seeds": 500,
    "subset": null,
    "kappa": 5.0,
    "xi": 0.01,
    "normalize": "copula",
    "feature_type": "lantern",
    "n_pcs": null,
    "reduction": "pca",
    "context_features": false,
    "fp_radius": null,
    "fp_bits": null
  },
  "results": {
    "discrete_xgb_greedy": {
      "metrics": {
        "final_best": 7.223938424,
        "auc": 7.223938424,
        "top_k_recall": {
          "10": 0.3,
          "50": 0.34,
          "100": 0.31
        },
        "n_rounds": 30,
        "n_total_evaluated": 680
      },
      "elapsed": 10.8264901638031,
      "best_so_far": [
        7.223938424,
        7.223938424,
        7.223938424,
        7.223938424,
        7.223938424,
        7.223938424,
        7.223938424,
        7.223938424,
        7.223938424,
        7.223938424,
        7.223938424,
        7.223938424,
        7.223938424,
        7.223938424,
        7.223938424,
        7.223938424,
        7.223938424,
        7.223938424,
        7.223938424,
        7.223938424,
        7.223938424,
        7.223938424,
        7.223938424,
        7.223938424,
        7.223938424,
        7.223938424,
        7.223938424,
        7.223938424,
        7.223938424,
        7.223938424,
        7.223938424
      ],
      "round_best": [
        2.996762819,
        3.724757028,
        5.651833082,
        3.635545379,
        4.687760163,
        3.552371007,
        4.207604886,
        4.020740553,
        2.827834123,
        3.85455575,
        3.991554574,
        2.915576705,
        3.482298068,
        4.472089488,
        3.546299668,
        4.200415843,
        3.140928965,
        2.642243488,
        4.470603799,
        4.665517253,
        1.745856628,
        2.339354304,
        3.705416942,
        2.121265631,
        1.831641112,
        2.043058964,
        0.629433845,
        1.638383094,
        4.026775697,
        2.386703514
      ],
      "n_evaluated": [
        500,
        506,
        512,
        518,
        524,
        530,
        536,
        542,
        548,
        554,
        560,
        566,
        572,
        578,
        584,
        590,
        596,
        602,
        608,
        614,
        620,
        626,
        632,
        638,
        644,
        650,
        656,
        662,
        668,
        674,
        680
      ]
    }
  }
}