{
  "config": {
    "strategies": [
      "discrete_xgb_greedy"
    ],
    "rounds": 15,
    "batch_size": 12,
    "seed": 123,
    "n_seeds": 500,
    "subset": null,
    "kappa": 5.0,
    "xi": 0.01,
    "normalize": "copula",
    "feature_type": "lantern_il_only",
    "n_pcs": null,
    "reduction": "pca",
    "context_features": false,
    "fp_radius": null,
    "fp_bits": null
  },
  "results": {
    "discrete_xgb_greedy": {
      "metrics": {
        "final_best": 7.223938424,
        "auc": 6.5556828890666665,
        "top_k_recall": {
          "10": 0.3,
          "50": 0.18,
          "100": 0.24
        },
        "n_rounds": 15,
        "n_total_evaluated": 680
      },
      "elapsed": 7.1756370067596436,
      "best_so_far": [
        4.472089488,
        4.472089488,
        4.472089488,
        5.651833082,
        5.651833082,
        7.223938424,
        7.223938424,
        7.223938424,
        7.223938424,
        7.223938424,
        7.223938424,
        7.223938424,
        7.223938424,
        7.223938424,
        7.223938424,
        7.223938424
      ],
      "round_best": [
        3.546299668,
        3.991554574,
        5.651833082,
        1.564070074,
        7.223938424,
        4.200415843,
        1.353361438,
        4.009331809,
        3.969856904,
        3.125131945,
        1.793849629,
        4.463215259,
        4.313500646,
        4.135759959,
        4.289919611
      ],
      "n_evaluated": [
        500,
        512,
        524,
        536,
        548,
        560,
        572,
        584,
        596,
        608,
        620,
        632,
        644,
        656,
        668,
        680
      ]
    }
  }
}