{
  "config": {
    "strategies": [
      "discrete_xgb_greedy"
    ],
    "rounds": 30,
    "batch_size": 6,
    "seed": 789,
    "n_seeds": 500,
    "subset": null,
    "kappa": 5.0,
    "xi": 0.01,
    "normalize": "copula",
    "feature_type": "lantern",
    "n_pcs": null,
    "reduction": "pca",
    "context_features": false,
    "fp_radius": null,
    "fp_bits": null
  },
  "results": {
    "discrete_xgb_greedy": {
      "metrics": {
        "final_best": 5.201422,
        "auc": 5.012668865933333,
        "top_k_recall": {
          "10": 0.0,
          "50": 0.2,
          "100": 0.23
        },
        "n_rounds": 30,
        "n_total_evaluated": 680
      },
      "elapsed": 10.94591498374939,
      "best_so_far": [
        3.969856904,
        3.969856904,
        4.165760723,
        4.165760723,
        4.329460088,
        4.329460088,
        5.201422,
        5.201422,
        5.201422,
        5.201422,
        5.201422,
        5.201422,
        5.201422,
        5.201422,
        5.201422,
        5.201422,
        5.201422,
        5.201422,
        5.201422,
        5.201422,
        5.201422,
        5.201422,
        5.201422,
        5.201422,
        5.201422,
        5.201422,
        5.201422,
        5.201422,
        5.201422,
        5.201422,
        5.201422
      ],
      "round_best": [
        2.520220111,
        4.165760723,
        2.649882909,
        4.329460088,
        3.127400177,
        5.201422,
        2.996762819,
        4.542829137,
        3.991554574,
        4.026775697,
        4.992373602,
        4.775968805,
        3.694621139,
        1.666852432,
        2.644162399,
        2.46421997,
        3.15785114,
        2.95220475,
        1.581538259,
        3.534575768,
        3.546299668,
        2.95220475,
        4.020740553,
        3.486433466,
        2.506547886,
        4.472089488,
        2.453815142,
        2.455779717,
        3.323535609,
        2.268611049
      ],
      "n_evaluated": [
        500,
        506,
        512,
        518,
        524,
        530,
        536,
        542,
        548,
        554,
        560,
        566,
        572,
        578,
        584,
        590,
        596,
        602,
        608,
        614,
        620,
        626,
        632,
        638,
        644,
        650,
        656,
        662,
        668,
        674,
        680
      ]
    }
  }
}