{
  "config": {
    "strategies": [
      "discrete_xgb_greedy"
    ],
    "rounds": 30,
    "batch_size": 6,
    "seed": 456,
    "n_seeds": 500,
    "subset": null,
    "kappa": 5.0,
    "xi": 0.01,
    "normalize": "copula",
    "feature_type": "lantern",
    "n_pcs": null,
    "reduction": "pca",
    "context_features": false,
    "fp_radius": null,
    "fp_bits": null
  },
  "results": {
    "discrete_xgb_greedy": {
      "metrics": {
        "final_best": 5.204579094,
        "auc": 5.204579093999999,
        "top_k_recall": {
          "10": 0.1,
          "50": 0.1,
          "100": 0.1
        },
        "n_rounds": 30,
        "n_total_evaluated": 680
      },
      "elapsed": 10.866833925247192,
      "best_so_far": [
        5.204579094,
        5.204579094,
        5.204579094,
        5.204579094,
        5.204579094,
        5.204579094,
        5.204579094,
        5.204579094,
        5.204579094,
        5.204579094,
        5.204579094,
        5.204579094,
        5.204579094,
        5.204579094,
        5.204579094,
        5.204579094,
        5.204579094,
        5.204579094,
        5.204579094,
        5.204579094,
        5.204579094,
        5.204579094,
        5.204579094,
        5.204579094,
        5.204579094,
        5.204579094,
        5.204579094,
        5.204579094,
        5.204579094,
        5.204579094,
        5.204579094
      ],
      "round_best": [
        5.201422,
        3.898707057,
        3.140928965,
        3.673294176,
        3.376651663,
        2.544416933,
        2.362672311,
        2.052901727,
        2.455779717,
        2.451844171,
        1.85005724,
        0.30390492,
        0.75609362,
        2.35010035,
        2.086877407,
        1.250811716,
        1.923354447,
        1.85005724,
        3.006878559,
        1.85005724,
        1.85005724,
        2.068002266,
        1.85005724,
        2.037504053,
        1.85005724,
        3.752938486,
        3.076099266,
        2.530610324,
        1.885012985,
        2.145699573
      ],
      "n_evaluated": [
        500,
        506,
        512,
        518,
        524,
        530,
        536,
        542,
        548,
        554,
        560,
        566,
        572,
        578,
        584,
        590,
        596,
        602,
        608,
        614,
        620,
        626,
        632,
        638,
        644,
        650,
        656,
        662,
        668,
        674,
        680
      ]
    }
  }
}