{
  "config": {
    "strategies": [
      "discrete_xgb_greedy"
    ],
    "rounds": 15,
    "batch_size": 12,
    "seed": 2024,
    "n_seeds": 500,
    "subset": null,
    "kappa": 5.0,
    "xi": 0.01,
    "normalize": "copula",
    "feature_type": "count_mfp",
    "n_pcs": null,
    "reduction": "pca",
    "context_features": false,
    "fp_radius": null,
    "fp_bits": null
  },
  "results": {
    "discrete_xgb_greedy": {
      "metrics": {
        "final_best": 9.27,
        "auc": 6.5688890261,
        "top_k_recall": {
          "10": 0.2,
          "50": 0.18,
          "100": 0.2
        },
        "n_rounds": 15,
        "n_total_evaluated": 680
      },
      "elapsed": 6.184059143066406,
      "best_so_far": [
        3.820367389,
        4.026775697,
        5.201422,
        5.201422,
        5.201422,
        5.201422,
        5.201422,
        5.201422,
        5.201422,
        5.201422,
        9.27,
        9.27,
        9.27,
        9.27,
        9.27,
        9.27
      ],
      "round_best": [
        4.026775697,
        5.201422,
        4.542829137,
        3.694621139,
        3.711520803,
        3.724757028,
        3.486433466,
        3.629458615,
        4.992373602,
        9.27,
        2.362672311,
        4.87,
        1.506625185,
        1.85005724,
        4.135997405
      ],
      "n_evaluated": [
        500,
        512,
        524,
        536,
        548,
        560,
        572,
        584,
        596,
        608,
        620,
        632,
        644,
        656,
        668,
        680
      ]
    }
  }
}