{
  "config": {
    "strategies": [
      "random"
    ],
    "rounds": 15,
    "batch_size": 12,
    "seed": 123,
    "n_seeds": 500,
    "subset": null,
    "kappa": 5.0,
    "xi": 0.01,
    "normalize": "copula",
    "feature_type": "lantern",
    "n_pcs": null,
    "reduction": "pca",
    "context_features": false,
    "fp_radius": null,
    "fp_bits": null
  },
  "results": {
    "random": {
      "metrics": {
        "final_best": 4.992373602,
        "auc": 4.992373601999998,
        "top_k_recall": {
          "10": 0.0,
          "50": 0.08,
          "100": 0.06
        },
        "n_rounds": 15,
        "n_total_evaluated": 680
      },
      "elapsed": 0.013709068298339844,
      "best_so_far": [
        4.992373602,
        4.992373602,
        4.992373602,
        4.992373602,
        4.992373602,
        4.992373602,
        4.992373602,
        4.992373602,
        4.992373602,
        4.992373602,
        4.992373602,
        4.992373602,
        4.992373602,
        4.992373602,
        4.992373602,
        4.992373602
      ],
      "round_best": [
        0.628659629,
        0.828810511,
        0.535264083,
        1.200704374,
        1.136060186,
        4.963127253,
        4.289919611,
        1.510164637,
        1.85005724,
        2.200518126,
        3.127400177,
        1.82324933,
        1.65817704,
        1.34288773,
        1.85005724
      ],
      "n_evaluated": [
        500,
        512,
        524,
        536,
        548,
        560,
        572,
        584,
        596,
        608,
        620,
        632,
        644,
        656,
        668,
        680
      ]
    }
  }
}