{
  "config": {
    "strategies": [
      "discrete_xgb_greedy"
    ],
    "rounds": 15,
    "batch_size": 12,
    "seed": 2024,
    "n_seeds": 500,
    "subset": null,
    "kappa": 5.0,
    "xi": 0.01,
    "normalize": "copula",
    "feature_type": "lantern_il_only",
    "n_pcs": null,
    "reduction": "pca",
    "context_features": false,
    "fp_radius": null,
    "fp_bits": null
  },
  "results": {
    "discrete_xgb_greedy": {
      "metrics": {
        "final_best": 7.223938424,
        "auc": 7.0667278898,
        "top_k_recall": {
          "10": 0.2,
          "50": 0.28,
          "100": 0.22
        },
        "n_rounds": 15,
        "n_total_evaluated": 680
      },
      "elapsed": 5.5334813594818115,
      "best_so_far": [
        5.651833082,
        5.651833082,
        7.223938424,
        7.223938424,
        7.223938424,
        7.223938424,
        7.223938424,
        7.223938424,
        7.223938424,
        7.223938424,
        7.223938424,
        7.223938424,
        7.223938424,
        7.223938424,
        7.223938424,
        7.223938424
      ],
      "round_best": [
        5.468071128,
        7.223938424,
        2.877380383,
        4.181623819,
        2.477401975,
        2.135387982,
        5.204579094,
        3.546299668,
        3.365712434,
        4.472089488,
        4.463215259,
        3.552371007,
        2.95220475,
        4.207604886,
        3.125131945
      ],
      "n_evaluated": [
        500,
        512,
        524,
        536,
        548,
        560,
        572,
        584,
        596,
        608,
        620,
        632,
        644,
        656,
        668,
        680
      ]
    }
  }
}