{
  "config": {
    "strategies": [
      "discrete_xgb_greedy",
      "random"
    ],
    "rounds": 15,
    "batch_size": 12,
    "seed": 42,
    "n_seeds": 1000,
    "subset": null,
    "kappa": 5.0,
    "xi": 0.01,
    "normalize": "copula",
    "feature_type": "lantern",
    "n_pcs": null,
    "reduction": "pls",
    "context_features": false,
    "fp_radius": null,
    "fp_bits": null
  },
  "results": {
    "discrete_xgb_greedy": {
      "metrics": {
        "final_best": 9.27,
        "auc": 9.165797947466666,
        "top_k_recall": {
          "10": 0.5,
          "50": 0.42,
          "100": 0.4
        },
        "n_rounds": 15,
        "n_total_evaluated": 1180
      },
      "elapsed": 21.435105085372925,
      "best_so_far": [
        7.223938424,
        8.73,
        9.27,
        9.27,
        9.27,
        9.27,
        9.27,
        9.27,
        9.27,
        9.27,
        9.27,
        9.27,
        9.27,
        9.27,
        9.27,
        9.27
      ],
      "round_best": [
        8.73,
        9.27,
        4.026775697,
        4.463215259,
        3.127400177,
        2.915576705,
        3.752938486,
        3.85455575,
        4.313500646,
        4.544497192,
        3.863978025,
        4.207604886,
        3.820367389,
        2.57465692,
        3.323535609
      ],
      "n_evaluated": [
        1000,
        1012,
        1024,
        1036,
        1048,
        1060,
        1072,
        1084,
        1096,
        1108,
        1120,
        1132,
        1144,
        1156,
        1168,
        1180
      ]
    },
    "random": {
      "metrics": {
        "final_best": 7.223938424,
        "auc": 7.223938424,
        "top_k_recall": {
          "10": 0.3,
          "50": 0.18,
          "100": 0.13
        },
        "n_rounds": 15,
        "n_total_evaluated": 1180
      },
      "elapsed": 0.01385188102722168,
      "best_so_far": [
        7.223938424,
        7.223938424,
        7.223938424,
        7.223938424,
        7.223938424,
        7.223938424,
        7.223938424,
        7.223938424,
        7.223938424,
        7.223938424,
        7.223938424,
        7.223938424,
        7.223938424,
        7.223938424,
        7.223938424,
        7.223938424
      ],
      "round_best": [
        3.376651663,
        2.881478059,
        1.325952472,
        4.246732306,
        1.286791213,
        1.581538259,
        1.856347967,
        1.85005724,
        3.53023246,
        3.462880392,
        2.95220475,
        1.581538259,
        0.997902185,
        1.369710724,
        1.469962359
      ],
      "n_evaluated": [
        1000,
        1012,
        1024,
        1036,
        1048,
        1060,
        1072,
        1084,
        1096,
        1108,
        1120,
        1132,
        1144,
        1156,
        1168,
        1180
      ]
    }
  }
}