{
  "config": {
    "strategies": [
      "discrete_xgb_greedy"
    ],
    "rounds": 30,
    "batch_size": 6,
    "seed": 123,
    "n_seeds": 500,
    "subset": null,
    "kappa": 5.0,
    "xi": 0.01,
    "normalize": "copula",
    "feature_type": "lantern_unimol",
    "n_pcs": null,
    "reduction": "pca",
    "context_features": false,
    "fp_radius": null,
    "fp_bits": null
  },
  "results": {
    "discrete_xgb_greedy": {
      "metrics": {
        "final_best": 4.992373602,
        "auc": 4.992373602000001,
        "top_k_recall": {
          "10": 0.0,
          "50": 0.32,
          "100": 0.27
        },
        "n_rounds": 30,
        "n_total_evaluated": 680
      },
      "elapsed": 16.340188026428223,
      "best_so_far": [
        4.992373602,
        4.992373602,
        4.992373602,
        4.992373602,
        4.992373602,
        4.992373602,
        4.992373602,
        4.992373602,
        4.992373602,
        4.992373602,
        4.992373602,
        4.992373602,
        4.992373602,
        4.992373602,
        4.992373602,
        4.992373602,
        4.992373602,
        4.992373602,
        4.992373602,
        4.992373602,
        4.992373602,
        4.992373602,
        4.992373602,
        4.992373602,
        4.992373602,
        4.992373602,
        4.992373602,
        4.992373602,
        4.992373602,
        4.992373602,
        4.992373602
      ],
      "round_best": [
        4.313500646,
        4.544497192,
        4.273788993,
        4.200415843,
        4.329460088,
        4.775968805,
        4.165760723,
        1.565632322,
        2.597894559,
        3.345767656,
        2.827834123,
        3.588153592,
        1.301782883,
        3.820367389,
        2.107374246,
        2.649882909,
        4.026775697,
        1.39704157,
        1.925427301,
        2.520220111,
        2.557821526,
        0.793849835,
        2.131213857,
        4.135997405,
        4.221889374,
        2.23574244,
        4.232203163,
        2.208645799,
        0.909421065,
        2.205244227
      ],
      "n_evaluated": [
        500,
        506,
        512,
        518,
        524,
        530,
        536,
        542,
        548,
        554,
        560,
        566,
        572,
        578,
        584,
        590,
        596,
        602,
        608,
        614,
        620,
        626,
        632,
        638,
        644,
        650,
        656,
        662,
        668,
        674,
        680
      ]
    }
  }
}