{
  "config": {
    "strategies": [
      "discrete_xgb_greedy"
    ],
    "rounds": 15,
    "batch_size": 12,
    "seed": 456,
    "n_seeds": 500,
    "subset": null,
    "kappa": 5.0,
    "xi": 0.01,
    "normalize": "copula",
    "feature_type": "lantern_il_only",
    "n_pcs": null,
    "reduction": "pca",
    "context_features": false,
    "fp_radius": null,
    "fp_bits": null
  },
  "results": {
    "discrete_xgb_greedy": {
      "metrics": {
        "final_best": 9.27,
        "auc": 9.27,
        "top_k_recall": {
          "10": 0.3,
          "50": 0.12,
          "100": 0.1
        },
        "n_rounds": 15,
        "n_total_evaluated": 680
      },
      "elapsed": 5.380476713180542,
      "best_so_far": [
        9.27,
        9.27,
        9.27,
        9.27,
        9.27,
        9.27,
        9.27,
        9.27,
        9.27,
        9.27,
        9.27,
        9.27,
        9.27,
        9.27,
        9.27,
        9.27
      ],
      "round_best": [
        3.71723523,
        6.64,
        2.185099711,
        2.196082231,
        2.234966608,
        2.95220475,
        3.546299668,
        1.85005724,
        2.807297097,
        5.12,
        4.472089488,
        2.463309074,
        3.844042837,
        2.185099711,
        2.185099711
      ],
      "n_evaluated": [
        500,
        512,
        524,
        536,
        548,
        560,
        572,
        584,
        596,
        608,
        620,
        632,
        644,
        656,
        668,
        680
      ]
    }
  }
}