{
  "config": {
    "strategies": [
      "discrete_xgb_greedy"
    ],
    "rounds": 15,
    "batch_size": 12,
    "seed": 789,
    "n_seeds": 500,
    "subset": null,
    "kappa": 5.0,
    "xi": 0.01,
    "normalize": "copula",
    "feature_type": "ratios_only",
    "n_pcs": null,
    "reduction": "pca",
    "context_features": false,
    "fp_radius": null,
    "fp_bits": null
  },
  "results": {
    "discrete_xgb_greedy": {
      "metrics": {
        "final_best": 9.27,
        "auc": 9.27,
        "top_k_recall": {
          "10": 0.1,
          "50": 0.08,
          "100": 0.08
        },
        "n_rounds": 15,
        "n_total_evaluated": 680
      },
      "elapsed": 8.147008180618286,
      "best_so_far": [
        9.27,
        9.27,
        9.27,
        9.27,
        9.27,
        9.27,
        9.27,
        9.27,
        9.27,
        9.27,
        9.27,
        9.27,
        9.27,
        9.27,
        9.27,
        9.27
      ],
      "round_best": [
        3.71723523,
        2.996762819,
        3.601853898,
        2.801083031,
        4.172819137,
        0.768345525,
        2.201081566,
        2.81603198919002,
        1.907437552,
        2.2989406182618,
        1.835478556,
        2.450211652,
        0.117457533,
        1.877388432,
        1.592616945
      ],
      "n_evaluated": [
        500,
        512,
        524,
        536,
        548,
        560,
        572,
        584,
        596,
        608,
        620,
        632,
        644,
        656,
        668,
        680
      ]
    }
  }
}