{
  "config": {
    "strategies": [
      "discrete_xgb_greedy"
    ],
    "rounds": 15,
    "batch_size": 12,
    "seed": 42,
    "n_seeds": 500,
    "subset": null,
    "kappa": 5.0,
    "xi": 0.01,
    "normalize": "copula",
    "feature_type": "lantern_unimol",
    "n_pcs": null,
    "reduction": "pca",
    "context_features": false,
    "fp_radius": null,
    "fp_bits": null
  },
  "results": {
    "discrete_xgb_greedy": {
      "metrics": {
        "final_best": 7.223938424,
        "auc": 7.223938424,
        "top_k_recall": {
          "10": 0.3,
          "50": 0.22,
          "100": 0.19
        },
        "n_rounds": 15,
        "n_total_evaluated": 680
      },
      "elapsed": 11.516390800476074,
      "best_so_far": [
        7.223938424,
        7.223938424,
        7.223938424,
        7.223938424,
        7.223938424,
        7.223938424,
        7.223938424,
        7.223938424,
        7.223938424,
        7.223938424,
        7.223938424,
        7.223938424,
        7.223938424,
        7.223938424,
        7.223938424,
        7.223938424
      ],
      "round_best": [
        3.724757028,
        4.020740553,
        3.85455575,
        4.687760163,
        2.642243488,
        2.915576705,
        5.651833082,
        3.705416942,
        1.750765963,
        1.909141877,
        4.207604886,
        4.463215259,
        3.635545379,
        3.552371007,
        2.449044629
      ],
      "n_evaluated": [
        500,
        512,
        524,
        536,
        548,
        560,
        572,
        584,
        596,
        608,
        620,
        632,
        644,
        656,
        668,
        680
      ]
    }
  }
}