{
  "config": {
    "strategies": [
      "discrete_xgb_greedy"
    ],
    "rounds": 15,
    "batch_size": 12,
    "seed": 456,
    "n_seeds": 500,
    "subset": null,
    "kappa": 5.0,
    "xi": 0.01,
    "normalize": "copula",
    "feature_type": "count_mfp",
    "n_pcs": null,
    "reduction": "pca",
    "context_features": false,
    "fp_radius": null,
    "fp_bits": null
  },
  "results": {
    "discrete_xgb_greedy": {
      "metrics": {
        "final_best": 5.204579094,
        "auc": 5.204579093999998,
        "top_k_recall": {
          "10": 0.1,
          "50": 0.2,
          "100": 0.22
        },
        "n_rounds": 15,
        "n_total_evaluated": 680
      },
      "elapsed": 9.28736686706543,
      "best_so_far": [
        5.204579094,
        5.204579094,
        5.204579094,
        5.204579094,
        5.204579094,
        5.204579094,
        5.204579094,
        5.204579094,
        5.204579094,
        5.204579094,
        5.204579094,
        5.204579094,
        5.204579094,
        5.204579094,
        5.204579094,
        5.204579094
      ],
      "round_best": [
        5.201422,
        3.673294176,
        4.200415843,
        4.775968805,
        2.996762819,
        3.635545379,
        4.992373602,
        3.534575768,
        2.052901727,
        2.967741495,
        3.376651663,
        3.15785114,
        3.076099266,
        3.752938486,
        3.262449649
      ],
      "n_evaluated": [
        500,
        512,
        524,
        536,
        548,
        560,
        572,
        584,
        596,
        608,
        620,
        632,
        644,
        656,
        668,
        680
      ]
    }
  }
}