{
  "config": {
    "strategies": [
      "discrete_xgb_greedy",
      "random"
    ],
    "rounds": 15,
    "batch_size": 12,
    "seed": 42,
    "n_seeds": 500,
    "subset": null,
    "kappa": 5.0,
    "xi": 0.01,
    "normalize": "copula",
    "feature_type": "lantern",
    "n_pcs": null,
    "reduction": "pls",
    "context_features": false,
    "fp_radius": null,
    "fp_bits": null
  },
  "results": {
    "discrete_xgb_greedy": {
      "metrics": {
        "final_best": 9.27,
        "auc": 8.246969212,
        "top_k_recall": {
          "10": 0.4,
          "50": 0.36,
          "100": 0.27
        },
        "n_rounds": 15,
        "n_total_evaluated": 680
      },
      "elapsed": 21.689187049865723,
      "best_so_far": [
        7.223938424,
        7.223938424,
        7.223938424,
        7.223938424,
        7.223938424,
        7.223938424,
        7.223938424,
        7.223938424,
        9.27,
        9.27,
        9.27,
        9.27,
        9.27,
        9.27,
        9.27,
        9.27
      ],
      "round_best": [
        4.687760163,
        5.651833082,
        3.991554574,
        2.996762819,
        3.364189095,
        2.697757813,
        3.705416942,
        9.27,
        1.578971435,
        0.380253282,
        2.455779717,
        4.207604886,
        3.662479672,
        4.544497192,
        2.644162399
      ],
      "n_evaluated": [
        500,
        512,
        524,
        536,
        548,
        560,
        572,
        584,
        596,
        608,
        620,
        632,
        644,
        656,
        668,
        680
      ]
    },
    "random": {
      "metrics": {
        "final_best": 7.223938424,
        "auc": 7.223938424,
        "top_k_recall": {
          "10": 0.2,
          "50": 0.14,
          "100": 0.09
        },
        "n_rounds": 15,
        "n_total_evaluated": 680
      },
      "elapsed": 0.012871980667114258,
      "best_so_far": [
        7.223938424,
        7.223938424,
        7.223938424,
        7.223938424,
        7.223938424,
        7.223938424,
        7.223938424,
        7.223938424,
        7.223938424,
        7.223938424,
        7.223938424,
        7.223938424,
        7.223938424,
        7.223938424,
        7.223938424,
        7.223938424
      ],
      "round_best": [
        1.281030143,
        0.694620426,
        1.472469759,
        4.470603799,
        3.349633163,
        2.131948569,
        2.95220475,
        0.816286101,
        1.99066982,
        1.95078326,
        1.786693943,
        1.853143559,
        1.474165309,
        3.552371007,
        1.85005724
      ],
      "n_evaluated": [
        500,
        512,
        524,
        536,
        548,
        560,
        572,
        584,
        596,
        608,
        620,
        632,
        644,
        656,
        668,
        680
      ]
    }
  }
}