{
  "config": {
    "strategies": [
      "discrete_xgb_greedy"
    ],
    "rounds": 15,
    "batch_size": 12,
    "seed": 456,
    "n_seeds": 500,
    "subset": null,
    "kappa": 5.0,
    "xi": 0.01,
    "normalize": "copula",
    "feature_type": "lantern_unimol",
    "n_pcs": null,
    "reduction": "pca",
    "context_features": false,
    "fp_radius": null,
    "fp_bits": null
  },
  "results": {
    "discrete_xgb_greedy": {
      "metrics": {
        "final_best": 5.204579094,
        "auc": 5.204579093999998,
        "top_k_recall": {
          "10": 0.1,
          "50": 0.24,
          "100": 0.22
        },
        "n_rounds": 15,
        "n_total_evaluated": 680
      },
      "elapsed": 5.827763080596924,
      "best_so_far": [
        5.204579094,
        5.204579094,
        5.204579094,
        5.204579094,
        5.204579094,
        5.204579094,
        5.204579094,
        5.204579094,
        5.204579094,
        5.204579094,
        5.204579094,
        5.204579094,
        5.204579094,
        5.204579094,
        5.204579094,
        5.204579094
      ],
      "round_best": [
        4.992373602,
        3.673294176,
        5.201422,
        3.262449649,
        3.345767656,
        2.463309074,
        3.724757028,
        3.486433466,
        2.386703514,
        4.544497192,
        4.313500646,
        4.135759959,
        1.808493933,
        3.462880392,
        3.752938486
      ],
      "n_evaluated": [
        500,
        512,
        524,
        536,
        548,
        560,
        572,
        584,
        596,
        608,
        620,
        632,
        644,
        656,
        668,
        680
      ]
    }
  }
}