{
  "config": {
    "strategies": [
      "discrete_xgb_greedy"
    ],
    "rounds": 30,
    "batch_size": 6,
    "seed": 123,
    "n_seeds": 500,
    "subset": null,
    "kappa": 5.0,
    "xi": 0.01,
    "normalize": "copula",
    "feature_type": "lantern",
    "n_pcs": null,
    "reduction": "pca",
    "context_features": false,
    "fp_radius": null,
    "fp_bits": null
  },
  "results": {
    "discrete_xgb_greedy": {
      "metrics": {
        "final_best": 5.201422,
        "auc": 5.114318500833333,
        "top_k_recall": {
          "10": 0.0,
          "50": 0.36,
          "100": 0.29
        },
        "n_rounds": 30,
        "n_total_evaluated": 680
      },
      "elapsed": 10.79747200012207,
      "best_so_far": [
        4.992373602,
        4.992373602,
        4.992373602,
        4.992373602,
        4.992373602,
        4.992373602,
        4.992373602,
        4.992373602,
        4.992373602,
        4.992373602,
        4.992373602,
        4.992373602,
        4.992373602,
        5.201422,
        5.201422,
        5.201422,
        5.201422,
        5.201422,
        5.201422,
        5.201422,
        5.201422,
        5.201422,
        5.201422,
        5.201422,
        5.201422,
        5.201422,
        5.201422,
        5.201422,
        5.201422,
        5.201422,
        5.201422
      ],
      "round_best": [
        3.544862966,
        4.329460088,
        4.172819137,
        4.165760723,
        4.289919611,
        3.345767656,
        4.148872257,
        4.544497192,
        3.578887195,
        2.401301461,
        1.873812747,
        3.006878559,
        5.201422,
        4.542829137,
        3.877054095,
        3.891100547,
        4.200415843,
        4.181623819,
        2.390246793,
        2.557821526,
        2.604625155,
        2.312301377,
        3.365712434,
        1.52065795,
        3.482298068,
        1.418019476,
        1.03091033,
        2.35010035,
        1.929872719,
        2.649882909
      ],
      "n_evaluated": [
        500,
        506,
        512,
        518,
        524,
        530,
        536,
        542,
        548,
        554,
        560,
        566,
        572,
        578,
        584,
        590,
        596,
        602,
        608,
        614,
        620,
        626,
        632,
        638,
        644,
        650,
        656,
        662,
        668,
        674,
        680
      ]
    }
  }
}