{
  "config": {
    "strategies": [
      "discrete_xgb_greedy"
    ],
    "rounds": 15,
    "batch_size": 12,
    "seed": 123,
    "n_seeds": 500,
    "subset": null,
    "kappa": 5.0,
    "xi": 0.01,
    "normalize": "copula",
    "feature_type": "mordred",
    "n_pcs": 20,
    "reduction": "pca",
    "context_features": false,
    "fp_radius": null,
    "fp_bits": null
  },
  "results": {
    "discrete_xgb_greedy": {
      "metrics": {
        "final_best": 5.201422,
        "auc": 5.152644040466666,
        "top_k_recall": {
          "10": 0.0,
          "50": 0.28,
          "100": 0.24
        },
        "n_rounds": 15,
        "n_total_evaluated": 680
      },
      "elapsed": 6.6768410205841064,
      "best_so_far": [
        4.992373602,
        4.992373602,
        4.992373602,
        4.992373602,
        5.201422,
        5.201422,
        5.201422,
        5.201422,
        5.201422,
        5.201422,
        5.201422,
        5.201422,
        5.201422,
        5.201422,
        5.201422,
        5.201422
      ],
      "round_best": [
        4.329460088,
        4.207604886,
        4.775968805,
        5.201422,
        2.672694608,
        4.544497192,
        2.649882909,
        3.544862966,
        3.076099266,
        3.9498073,
        4.289919611,
        4.542829137,
        3.71723523,
        2.791396167,
        2.801083031
      ],
      "n_evaluated": [
        500,
        512,
        524,
        536,
        548,
        560,
        572,
        584,
        596,
        608,
        620,
        632,
        644,
        656,
        668,
        680
      ]
    }
  }
}