{
  "config": {
    "strategies": [
      "discrete_xgb_greedy"
    ],
    "rounds": 15,
    "batch_size": 12,
    "seed": 42,
    "n_seeds": 500,
    "subset": null,
    "kappa": 5.0,
    "xi": 0.01,
    "normalize": "copula",
    "feature_type": "ratios_only",
    "n_pcs": null,
    "reduction": "pca",
    "context_features": false,
    "fp_radius": null,
    "fp_bits": null
  },
  "results": {
    "discrete_xgb_greedy": {
      "metrics": {
        "final_best": 5.468071128,
        "auc": 5.468071128000001,
        "top_k_recall": {
          "10": 0.0,
          "50": 0.04,
          "100": 0.05
        },
        "n_rounds": 15,
        "n_total_evaluated": 680
      },
      "elapsed": 6.743169069290161,
      "best_so_far": [
        5.468071128,
        5.468071128,
        5.468071128,
        5.468071128,
        5.468071128,
        5.468071128,
        5.468071128,
        5.468071128,
        5.468071128,
        5.468071128,
        5.468071128,
        5.468071128,
        5.468071128,
        5.468071128,
        5.468071128,
        5.468071128
      ],
      "round_best": [
        3.601853898,
        4.020740553,
        3.127400177,
        3.601853898,
        2.097040658,
        3.71723523,
        0.022479006,
        2.450211652,
        3.486433466,
        2.185099711,
        2.185099711,
        1.85005724,
        0.477611216,
        1.952411924,
        2.287357748
      ],
      "n_evaluated": [
        500,
        512,
        524,
        536,
        548,
        560,
        572,
        584,
        596,
        608,
        620,
        632,
        644,
        656,
        668,
        680
      ]
    }
  }
}