{
  "config": {
    "strategies": [
      "discrete_xgb_greedy"
    ],
    "rounds": 15,
    "batch_size": 12,
    "seed": 789,
    "n_seeds": 500,
    "subset": null,
    "kappa": 5.0,
    "xi": 0.01,
    "normalize": "copula",
    "feature_type": "count_mfp",
    "n_pcs": null,
    "reduction": "pca",
    "context_features": false,
    "fp_radius": null,
    "fp_bits": null
  },
  "results": {
    "discrete_xgb_greedy": {
      "metrics": {
        "final_best": 5.201422,
        "auc": 5.160369830133333,
        "top_k_recall": {
          "10": 0.0,
          "50": 0.2,
          "100": 0.24
        },
        "n_rounds": 15,
        "n_total_evaluated": 680
      },
      "elapsed": 9.460110187530518,
      "best_so_far": [
        3.969856904,
        5.201422,
        5.201422,
        5.201422,
        5.201422,
        5.201422,
        5.201422,
        5.201422,
        5.201422,
        5.201422,
        5.201422,
        5.201422,
        5.201422,
        5.201422,
        5.201422,
        5.201422
      ],
      "round_best": [
        5.201422,
        4.463215259,
        4.026775697,
        4.200415843,
        3.71723523,
        4.329460088,
        2.996762819,
        4.020740553,
        3.486433466,
        2.506547886,
        3.991554574,
        3.364189095,
        4.172819137,
        4.165760723,
        2.302601654
      ],
      "n_evaluated": [
        500,
        512,
        524,
        536,
        548,
        560,
        572,
        584,
        596,
        608,
        620,
        632,
        644,
        656,
        668,
        680
      ]
    }
  }
}