{
  "config": {
    "strategies": [
      "discrete_xgb_greedy"
    ],
    "rounds": 15,
    "batch_size": 12,
    "seed": 789,
    "n_seeds": 500,
    "subset": null,
    "kappa": 5.0,
    "xi": 0.01,
    "normalize": "copula",
    "feature_type": "lantern_unimol",
    "n_pcs": null,
    "reduction": "pca",
    "context_features": false,
    "fp_radius": null,
    "fp_bits": null
  },
  "results": {
    "discrete_xgb_greedy": {
      "metrics": {
        "final_best": 5.201422,
        "auc": 5.035579505533333,
        "top_k_recall": {
          "10": 0.0,
          "50": 0.18,
          "100": 0.21
        },
        "n_rounds": 15,
        "n_total_evaluated": 680
      },
      "elapsed": 5.775125980377197,
      "best_so_far": [
        3.969856904,
        4.165760723,
        4.992373602,
        4.992373602,
        4.992373602,
        4.992373602,
        5.201422,
        5.201422,
        5.201422,
        5.201422,
        5.201422,
        5.201422,
        5.201422,
        5.201422,
        5.201422,
        5.201422
      ],
      "round_best": [
        4.165760723,
        4.992373602,
        3.71723523,
        3.188261707,
        4.542829137,
        5.201422,
        3.364189095,
        3.140928965,
        2.915576705,
        4.026775697,
        3.711520803,
        2.95220475,
        3.482298068,
        2.468147256,
        4.200415843
      ],
      "n_evaluated": [
        500,
        512,
        524,
        536,
        548,
        560,
        572,
        584,
        596,
        608,
        620,
        632,
        644,
        656,
        668,
        680
      ]
    }
  }
}