{
  "config": {
    "strategies": [
      "discrete_xgb_greedy"
    ],
    "rounds": 15,
    "batch_size": 12,
    "seed": 789,
    "n_seeds": 500,
    "subset": null,
    "kappa": 5.0,
    "xi": 0.01,
    "normalize": "copula",
    "feature_type": "mordred",
    "n_pcs": 20,
    "reduction": "pca",
    "context_features": false,
    "fp_radius": null,
    "fp_bits": null
  },
  "results": {
    "discrete_xgb_greedy": {
      "metrics": {
        "final_best": 5.201422,
        "auc": 4.890485799399999,
        "top_k_recall": {
          "10": 0.0,
          "50": 0.2,
          "100": 0.23
        },
        "n_rounds": 15,
        "n_total_evaluated": 680
      },
      "elapsed": 7.57772421836853,
      "best_so_far": [
        3.969856904,
        4.200415843,
        4.200415843,
        4.200415843,
        4.992373602,
        4.992373602,
        4.992373602,
        4.992373602,
        4.992373602,
        5.201422,
        5.201422,
        5.201422,
        5.201422,
        5.201422,
        5.201422,
        5.201422
      ],
      "round_best": [
        4.200415843,
        4.165760723,
        2.302601654,
        4.992373602,
        4.775968805,
        4.329460088,
        4.020740553,
        3.666113941,
        5.201422,
        2.915576705,
        2.506547886,
        3.878274157,
        4.542829137,
        2.95220475,
        3.127400177
      ],
      "n_evaluated": [
        500,
        512,
        524,
        536,
        548,
        560,
        572,
        584,
        596,
        608,
        620,
        632,
        644,
        656,
        668,
        680
      ]
    }
  }
}