{
  "config": {
    "strategies": [
      "discrete_xgb_greedy"
    ],
    "rounds": 30,
    "batch_size": 6,
    "seed": 2024,
    "n_seeds": 500,
    "subset": null,
    "kappa": 5.0,
    "xi": 0.01,
    "normalize": "copula",
    "feature_type": "lantern_unimol",
    "n_pcs": null,
    "reduction": "pca",
    "context_features": false,
    "fp_radius": null,
    "fp_bits": null
  },
  "results": {
    "discrete_xgb_greedy": {
      "metrics": {
        "final_best": 5.201422,
        "auc": 5.062686470116666,
        "top_k_recall": {
          "10": 0.0,
          "50": 0.12,
          "100": 0.15
        },
        "n_rounds": 30,
        "n_total_evaluated": 680
      },
      "elapsed": 14.051755905151367,
      "best_so_far": [
        3.820367389,
        3.820367389,
        4.992373602,
        4.992373602,
        4.992373602,
        4.992373602,
        4.992373602,
        4.992373602,
        4.992373602,
        4.992373602,
        4.992373602,
        4.992373602,
        5.201422,
        5.201422,
        5.201422,
        5.201422,
        5.201422,
        5.201422,
        5.201422,
        5.201422,
        5.201422,
        5.201422,
        5.201422,
        5.201422,
        5.201422,
        5.201422,
        5.201422,
        5.201422,
        5.201422,
        5.201422,
        5.201422
      ],
      "round_best": [
        2.46421997,
        4.992373602,
        4.542829137,
        4.200415843,
        3.588153592,
        4.775968805,
        2.996762819,
        3.724757028,
        3.486433466,
        2.506547886,
        1.853468305,
        5.201422,
        2.35010035,
        2.222601043,
        0.985906988,
        1.880452928,
        1.511663075,
        1.536942148,
        3.036562101,
        2.318392399,
        3.711520803,
        3.878274157,
        1.808493933,
        1.85005724,
        2.877380383,
        2.367230044,
        3.627182454,
        2.159880906,
        2.362672311,
        2.196082231
      ],
      "n_evaluated": [
        500,
        506,
        512,
        518,
        524,
        530,
        536,
        542,
        548,
        554,
        560,
        566,
        572,
        578,
        584,
        590,
        596,
        602,
        608,
        614,
        620,
        626,
        632,
        638,
        644,
        650,
        656,
        662,
        668,
        674,
        680
      ]
    }
  }
}