{
  "config": {
    "strategies": [
      "discrete_xgb_greedy"
    ],
    "rounds": 15,
    "batch_size": 12,
    "seed": 123,
    "n_seeds": 500,
    "subset": null,
    "kappa": 5.0,
    "xi": 0.01,
    "normalize": "copula",
    "feature_type": "lantern_unimol",
    "n_pcs": null,
    "reduction": "pca",
    "context_features": false,
    "fp_radius": null,
    "fp_bits": null
  },
  "results": {
    "discrete_xgb_greedy": {
      "metrics": {
        "final_best": 4.992373602,
        "auc": 4.992373601999998,
        "top_k_recall": {
          "10": 0.0,
          "50": 0.32,
          "100": 0.28
        },
        "n_rounds": 15,
        "n_total_evaluated": 680
      },
      "elapsed": 5.995823860168457,
      "best_so_far": [
        4.992373602,
        4.992373602,
        4.992373602,
        4.992373602,
        4.992373602,
        4.992373602,
        4.992373602,
        4.992373602,
        4.992373602,
        4.992373602,
        4.992373602,
        4.992373602,
        4.992373602,
        4.992373602,
        4.992373602,
        4.992373602
      ],
      "round_best": [
        4.544497192,
        3.9498073,
        4.329460088,
        4.172819137,
        3.898707057,
        4.775968805,
        2.672694608,
        4.232203163,
        3.61098376,
        3.462880392,
        3.694621139,
        2.208645799,
        1.85005724,
        3.85455575,
        3.991554574
      ],
      "n_evaluated": [
        500,
        512,
        524,
        536,
        548,
        560,
        572,
        584,
        596,
        608,
        620,
        632,
        644,
        656,
        668,
        680
      ]
    }
  }
}