{
  "config": {
    "strategies": [
      "discrete_xgb_greedy"
    ],
    "rounds": 15,
    "batch_size": 12,
    "seed": 42,
    "n_seeds": 500,
    "subset": null,
    "kappa": 5.0,
    "xi": 0.01,
    "normalize": "copula",
    "feature_type": "lantern_il_only",
    "n_pcs": null,
    "reduction": "pca",
    "context_features": false,
    "fp_radius": null,
    "fp_bits": null
  },
  "results": {
    "discrete_xgb_greedy": {
      "metrics": {
        "final_best": 7.223938424,
        "auc": 6.228946956266667,
        "top_k_recall": {
          "10": 0.2,
          "50": 0.22,
          "100": 0.24
        },
        "n_rounds": 15,
        "n_total_evaluated": 680
      },
      "elapsed": 6.308584213256836,
      "best_so_far": [
        5.468071128,
        5.468071128,
        5.468071128,
        5.468071128,
        5.468071128,
        5.468071128,
        5.468071128,
        5.468071128,
        5.468071128,
        7.223938424,
        7.223938424,
        7.223938424,
        7.223938424,
        7.223938424,
        7.223938424,
        7.223938424
      ],
      "round_best": [
        3.694621139,
        4.200415843,
        3.534575768,
        3.71723523,
        4.472089488,
        4.064084644,
        4.181623819,
        3.714937716,
        7.223938424,
        5.651833082,
        4.135759959,
        3.898707057,
        3.705416942,
        3.601853898,
        3.601853898
      ],
      "n_evaluated": [
        500,
        512,
        524,
        536,
        548,
        560,
        572,
        584,
        596,
        608,
        620,
        632,
        644,
        656,
        668,
        680
      ]
    }
  }
}