{
  "config": {
    "strategies": [
      "discrete_xgb_greedy",
      "random"
    ],
    "rounds": 15,
    "batch_size": 12,
    "seed": 456,
    "n_seeds": 1000,
    "subset": null,
    "kappa": 5.0,
    "xi": 0.01,
    "normalize": "copula",
    "feature_type": "lantern",
    "n_pcs": null,
    "reduction": "pls",
    "context_features": false,
    "fp_radius": null,
    "fp_bits": null
  },
  "results": {
    "discrete_xgb_greedy": {
      "metrics": {
        "final_best": 6.64,
        "auc": 6.496457909399998,
        "top_k_recall": {
          "10": 0.2,
          "50": 0.3,
          "100": 0.31
        },
        "n_rounds": 15,
        "n_total_evaluated": 1180
      },
      "elapsed": 19.288107872009277,
      "best_so_far": [
        5.204579094,
        5.204579094,
        6.64,
        6.64,
        6.64,
        6.64,
        6.64,
        6.64,
        6.64,
        6.64,
        6.64,
        6.64,
        6.64,
        6.64,
        6.64,
        6.64
      ],
      "round_best": [
        3.969856904,
        6.64,
        3.482298068,
        4.329460088,
        4.165760723,
        3.364189095,
        3.362729205,
        4.463215259,
        3.694621139,
        3.15785114,
        3.552371007,
        5.201422,
        4.775968805,
        3.68509311645284,
        4.472089488
      ],
      "n_evaluated": [
        1000,
        1012,
        1024,
        1036,
        1048,
        1060,
        1072,
        1084,
        1096,
        1108,
        1120,
        1132,
        1144,
        1156,
        1168,
        1180
      ]
    },
    "random": {
      "metrics": {
        "final_best": 5.204579094,
        "auc": 5.204579093999998,
        "top_k_recall": {
          "10": 0.1,
          "50": 0.08,
          "100": 0.09
        },
        "n_rounds": 15,
        "n_total_evaluated": 1180
      },
      "elapsed": 0.01487588882446289,
      "best_so_far": [
        5.204579094,
        5.204579094,
        5.204579094,
        5.204579094,
        5.204579094,
        5.204579094,
        5.204579094,
        5.204579094,
        5.204579094,
        5.204579094,
        5.204579094,
        5.204579094,
        5.204579094,
        5.204579094,
        5.204579094,
        5.204579094
      ],
      "round_best": [
        0.889591152,
        0.679517774,
        1.929872719,
        1.822594816,
        1.32069882,
        3.661572151,
        2.467127211,
        1.261977154,
        1.516674527,
        1.564070074,
        1.800207723,
        2.277096668,
        1.909499462,
        0.296389243,
        1.581538259
      ],
      "n_evaluated": [
        1000,
        1012,
        1024,
        1036,
        1048,
        1060,
        1072,
        1084,
        1096,
        1108,
        1120,
        1132,
        1144,
        1156,
        1168,
        1180
      ]
    }
  }
}