{
  "config": {
    "strategies": [
      "discrete_xgb_greedy",
      "random"
    ],
    "rounds": 15,
    "batch_size": 12,
    "seed": 2024,
    "n_seeds": 1000,
    "subset": null,
    "kappa": 5.0,
    "xi": 0.01,
    "normalize": "copula",
    "feature_type": "lantern",
    "n_pcs": null,
    "reduction": "pls",
    "context_features": false,
    "fp_radius": null,
    "fp_bits": null
  },
  "results": {
    "discrete_xgb_greedy": {
      "metrics": {
        "final_best": 6.64,
        "auc": 6.639999999999999,
        "top_k_recall": {
          "10": 0.1,
          "50": 0.16,
          "100": 0.25
        },
        "n_rounds": 15,
        "n_total_evaluated": 1180
      },
      "elapsed": 17.417688131332397,
      "best_so_far": [
        6.64,
        6.64,
        6.64,
        6.64,
        6.64,
        6.64,
        6.64,
        6.64,
        6.64,
        6.64,
        6.64,
        6.64,
        6.64,
        6.64,
        6.64,
        6.64
      ],
      "round_best": [
        4.34,
        3.85455575,
        4.026775697,
        3.694621139,
        4.472089488,
        3.661572151,
        3.737306236,
        3.159151031,
        2.455779717,
        5.201422,
        4.463215259,
        3.635545379,
        3.629458615,
        1.334215165,
        3.552371007
      ],
      "n_evaluated": [
        1000,
        1012,
        1024,
        1036,
        1048,
        1060,
        1072,
        1084,
        1096,
        1108,
        1120,
        1132,
        1144,
        1156,
        1168,
        1180
      ]
    },
    "random": {
      "metrics": {
        "final_best": 6.64,
        "auc": 6.639999999999999,
        "top_k_recall": {
          "10": 0.1,
          "50": 0.06,
          "100": 0.06
        },
        "n_rounds": 15,
        "n_total_evaluated": 1180
      },
      "elapsed": 0.011881113052368164,
      "best_so_far": [
        6.64,
        6.64,
        6.64,
        6.64,
        6.64,
        6.64,
        6.64,
        6.64,
        6.64,
        6.64,
        6.64,
        6.64,
        6.64,
        6.64,
        6.64,
        6.64
      ],
      "round_best": [
        2.32785952,
        1.60161182,
        2.463309074,
        2.052901727,
        1.17371704,
        1.929147105,
        1.246070396,
        0.967657193,
        2.506547886,
        1.85005724,
        1.19868455,
        1.523297897,
        4.135759959,
        1.581538259,
        2.082646065
      ],
      "n_evaluated": [
        1000,
        1012,
        1024,
        1036,
        1048,
        1060,
        1072,
        1084,
        1096,
        1108,
        1120,
        1132,
        1144,
        1156,
        1168,
        1180
      ]
    }
  }
}