{
  "config": {
    "strategies": [
      "discrete_xgb_greedy"
    ],
    "rounds": 15,
    "batch_size": 12,
    "seed": 123,
    "n_seeds": 500,
    "subset": null,
    "kappa": 5.0,
    "xi": 0.01,
    "normalize": "copula",
    "feature_type": "ratios_only",
    "n_pcs": null,
    "reduction": "pca",
    "context_features": false,
    "fp_radius": null,
    "fp_bits": null
  },
  "results": {
    "discrete_xgb_greedy": {
      "metrics": {
        "final_best": 4.472089488,
        "auc": 4.472089488000002,
        "top_k_recall": {
          "10": 0.0,
          "50": 0.02,
          "100": 0.07
        },
        "n_rounds": 15,
        "n_total_evaluated": 680
      },
      "elapsed": 8.233611106872559,
      "best_so_far": [
        4.472089488,
        4.472089488,
        4.472089488,
        4.472089488,
        4.472089488,
        4.472089488,
        4.472089488,
        4.472089488,
        4.472089488,
        4.472089488,
        4.472089488,
        4.472089488,
        4.472089488,
        4.472089488,
        4.472089488,
        4.472089488
      ],
      "round_best": [
        2.642243488,
        3.991554574,
        3.045415793,
        2.287357748,
        3.969856904,
        2.62912927,
        1.85005724,
        1.903652135,
        2.95220475,
        2.964341689,
        1.581538259,
        1.581538259,
        1.663900938,
        2.597894559,
        1.09789885
      ],
      "n_evaluated": [
        500,
        512,
        524,
        536,
        548,
        560,
        572,
        584,
        596,
        608,
        620,
        632,
        644,
        656,
        668,
        680
      ]
    }
  }
}