{
  "config": {
    "strategies": [
      "discrete_xgb_greedy"
    ],
    "rounds": 30,
    "batch_size": 6,
    "seed": 789,
    "n_seeds": 500,
    "subset": null,
    "kappa": 5.0,
    "xi": 0.01,
    "normalize": "copula",
    "feature_type": "lantern_unimol",
    "n_pcs": null,
    "reduction": "pca",
    "context_features": false,
    "fp_radius": null,
    "fp_bits": null
  },
  "results": {
    "discrete_xgb_greedy": {
      "metrics": {
        "final_best": 5.201422,
        "auc": 5.016618727466667,
        "top_k_recall": {
          "10": 0.0,
          "50": 0.26,
          "100": 0.25
        },
        "n_rounds": 30,
        "n_total_evaluated": 680
      },
      "elapsed": 15.450708150863647,
      "best_so_far": [
        3.969856904,
        3.991554574,
        3.991554574,
        4.992373602,
        4.992373602,
        4.992373602,
        4.992373602,
        4.992373602,
        4.992373602,
        4.992373602,
        4.992373602,
        4.992373602,
        4.992373602,
        4.992373602,
        4.992373602,
        5.201422,
        5.201422,
        5.201422,
        5.201422,
        5.201422,
        5.201422,
        5.201422,
        5.201422,
        5.201422,
        5.201422,
        5.201422,
        5.201422,
        5.201422,
        5.201422,
        5.201422,
        5.201422
      ],
      "round_best": [
        3.991554574,
        2.060485326,
        4.992373602,
        4.165760723,
        2.302601654,
        4.200415843,
        4.775968805,
        2.529878534,
        2.95220475,
        1.635590408,
        2.245236056,
        3.140928965,
        4.542829137,
        3.482298068,
        5.201422,
        2.95220475,
        1.416640849,
        2.489067961,
        2.470238006,
        4.135759959,
        4.313500646,
        4.273788993,
        4.172819137,
        4.329460088,
        3.724757028,
        4.289919611,
        3.486433466,
        2.46421997,
        2.95220475,
        3.596488941
      ],
      "n_evaluated": [
        500,
        506,
        512,
        518,
        524,
        530,
        536,
        542,
        548,
        554,
        560,
        566,
        572,
        578,
        584,
        590,
        596,
        602,
        608,
        614,
        620,
        626,
        632,
        638,
        644,
        650,
        656,
        662,
        668,
        674,
        680
      ]
    }
  }
}