{
  "config": {
    "strategies": [
      "discrete_xgb_greedy"
    ],
    "rounds": 15,
    "batch_size": 12,
    "seed": 123,
    "n_seeds": 500,
    "subset": null,
    "kappa": 5.0,
    "xi": 0.01,
    "normalize": "copula",
    "feature_type": "lantern",
    "n_pcs": null,
    "reduction": "pca",
    "context_features": false,
    "fp_radius": null,
    "fp_bits": null
  },
  "results": {
    "discrete_xgb_greedy": {
      "metrics": {
        "final_best": 5.201422,
        "auc": 5.124770920733332,
        "top_k_recall": {
          "10": 0.0,
          "50": 0.36,
          "100": 0.3
        },
        "n_rounds": 15,
        "n_total_evaluated": 680
      },
      "elapsed": 7.231320858001709,
      "best_so_far": [
        4.992373602,
        4.992373602,
        4.992373602,
        4.992373602,
        4.992373602,
        4.992373602,
        5.201422,
        5.201422,
        5.201422,
        5.201422,
        5.201422,
        5.201422,
        5.201422,
        5.201422,
        5.201422,
        5.201422
      ],
      "round_best": [
        4.313500646,
        4.544497192,
        4.172819137,
        3.820367389,
        4.026775697,
        5.201422,
        4.542829137,
        4.148872257,
        4.181623819,
        3.127400177,
        4.207604886,
        4.775968805,
        3.006878559,
        1.929872719,
        3.462880392
      ],
      "n_evaluated": [
        500,
        512,
        524,
        536,
        548,
        560,
        572,
        584,
        596,
        608,
        620,
        632,
        644,
        656,
        668,
        680
      ]
    }
  }
}