{
  "config": {
    "strategies": [
      "discrete_xgb_greedy"
    ],
    "rounds": 15,
    "batch_size": 12,
    "seed": 2024,
    "n_seeds": 500,
    "subset": null,
    "kappa": 5.0,
    "xi": 0.01,
    "normalize": "copula",
    "feature_type": "lantern",
    "n_pcs": null,
    "reduction": "pca",
    "context_features": false,
    "fp_radius": null,
    "fp_bits": null
  },
  "results": {
    "discrete_xgb_greedy": {
      "metrics": {
        "final_best": 5.201422,
        "auc": 4.960275008166665,
        "top_k_recall": {
          "10": 0.0,
          "50": 0.14,
          "100": 0.15
        },
        "n_rounds": 15,
        "n_total_evaluated": 680
      },
      "elapsed": 4.986914157867432,
      "best_so_far": [
        3.820367389,
        4.992373602,
        4.992373602,
        4.992373602,
        4.992373602,
        4.992373602,
        4.992373602,
        4.992373602,
        4.992373602,
        4.992373602,
        4.992373602,
        4.992373602,
        4.992373602,
        4.992373602,
        4.992373602,
        5.201422
      ],
      "round_best": [
        4.992373602,
        3.898707057,
        4.026775697,
        4.775968805,
        2.131948569,
        2.996762819,
        3.724757028,
        4.200415843,
        3.588153592,
        3.11670217,
        1.856763869,
        2.95220475,
        3.199768113,
        2.95220475,
        5.201422
      ],
      "n_evaluated": [
        500,
        512,
        524,
        536,
        548,
        560,
        572,
        584,
        596,
        608,
        620,
        632,
        644,
        656,
        668,
        680
      ]
    }
  }
}