{
  "config": {
    "strategies": [
      "discrete_xgb_greedy"
    ],
    "rounds": 15,
    "batch_size": 12,
    "seed": 2024,
    "n_seeds": 500,
    "subset": null,
    "kappa": 5.0,
    "xi": 0.01,
    "normalize": "copula",
    "feature_type": "ratios_only",
    "n_pcs": null,
    "reduction": "pca",
    "context_features": false,
    "fp_radius": null,
    "fp_bits": null
  },
  "results": {
    "discrete_xgb_greedy": {
      "metrics": {
        "final_best": 5.651833082,
        "auc": 5.651833081999998,
        "top_k_recall": {
          "10": 0.1,
          "50": 0.06,
          "100": 0.03
        },
        "n_rounds": 15,
        "n_total_evaluated": 680
      },
      "elapsed": 9.273355960845947,
      "best_so_far": [
        5.651833082,
        5.651833082,
        5.651833082,
        5.651833082,
        5.651833082,
        5.651833082,
        5.651833082,
        5.651833082,
        5.651833082,
        5.651833082,
        5.651833082,
        5.651833082,
        5.651833082,
        5.651833082,
        5.651833082,
        5.651833082
      ],
      "round_best": [
        2.463309074,
        2.277676819,
        2.95220475,
        1.581538259,
        1.85005724,
        0.850962943,
        -0.277960946,
        1.85005724,
        2.66394629185819,
        1.934422175,
        2.95220475,
        3.601853898,
        2.463309074,
        1.952411924,
        1.907437552
      ],
      "n_evaluated": [
        500,
        512,
        524,
        536,
        548,
        560,
        572,
        584,
        596,
        608,
        620,
        632,
        644,
        656,
        668,
        680
      ]
    }
  }
}