{
  "config": {
    "strategies": [
      "discrete_xgb_greedy"
    ],
    "rounds": 15,
    "batch_size": 12,
    "seed": 42,
    "n_seeds": 500,
    "subset": null,
    "kappa": 5.0,
    "xi": 0.01,
    "normalize": "copula",
    "feature_type": "count_mfp",
    "n_pcs": null,
    "reduction": "pca",
    "context_features": false,
    "fp_radius": null,
    "fp_bits": null
  },
  "results": {
    "discrete_xgb_greedy": {
      "metrics": {
        "final_best": 7.223938424,
        "auc": 7.223938424,
        "top_k_recall": {
          "10": 0.3,
          "50": 0.2,
          "100": 0.16
        },
        "n_rounds": 15,
        "n_total_evaluated": 680
      },
      "elapsed": 6.531364917755127,
      "best_so_far": [
        7.223938424,
        7.223938424,
        7.223938424,
        7.223938424,
        7.223938424,
        7.223938424,
        7.223938424,
        7.223938424,
        7.223938424,
        7.223938424,
        7.223938424,
        7.223938424,
        7.223938424,
        7.223938424,
        7.223938424,
        7.223938424
      ],
      "round_best": [
        4.687760163,
        1.745856628,
        3.486433466,
        5.651833082,
        3.705416942,
        2.649882909,
        2.544416933,
        2.318392399,
        3.991554574,
        4.207604886,
        2.324919859,
        2.131948569,
        2.401301461,
        1.954141462,
        2.942870216
      ],
      "n_evaluated": [
        500,
        512,
        524,
        536,
        548,
        560,
        572,
        584,
        596,
        608,
        620,
        632,
        644,
        656,
        668,
        680
      ]
    }
  }
}