{
  "config": {
    "strategies": [
      "discrete_xgb_greedy"
    ],
    "rounds": 15,
    "batch_size": 12,
    "seed": 42,
    "n_seeds": 500,
    "subset": null,
    "kappa": 5.0,
    "xi": 0.01,
    "normalize": "copula",
    "feature_type": "lantern",
    "n_pcs": null,
    "reduction": "pca",
    "context_features": false,
    "fp_radius": null,
    "fp_bits": null
  },
  "results": {
    "discrete_xgb_greedy": {
      "metrics": {
        "final_best": 9.27,
        "auc": 8.9573938424,
        "top_k_recall": {
          "10": 0.5,
          "50": 0.38,
          "100": 0.34
        },
        "n_rounds": 15,
        "n_total_evaluated": 680
      },
      "elapsed": 6.432361841201782,
      "best_so_far": [
        7.223938424,
        7.223938424,
        8.73,
        8.73,
        8.73,
        9.27,
        9.27,
        9.27,
        9.27,
        9.27,
        9.27,
        9.27,
        9.27,
        9.27,
        9.27,
        9.27
      ],
      "round_best": [
        4.020740553,
        8.73,
        4.463215259,
        4.87,
        9.27,
        3.714937716,
        3.844042837,
        2.915576705,
        2.451185752,
        4.207604886,
        2.62912927,
        3.36707545,
        4.135759959,
        4.313500646,
        4.289919611
      ],
      "n_evaluated": [
        500,
        512,
        524,
        536,
        548,
        560,
        572,
        584,
        596,
        608,
        620,
        632,
        644,
        656,
        668,
        680
      ]
    }
  }
}