{
  "config": {
    "strategies": [
      "discrete_xgb_greedy",
      "random"
    ],
    "rounds": 15,
    "batch_size": 12,
    "seed": 123,
    "n_seeds": 1000,
    "subset": null,
    "kappa": 5.0,
    "xi": 0.01,
    "normalize": "copula",
    "feature_type": "lantern",
    "n_pcs": null,
    "reduction": "pls",
    "context_features": false,
    "fp_radius": null,
    "fp_bits": null
  },
  "results": {
    "discrete_xgb_greedy": {
      "metrics": {
        "final_best": 5.204579094,
        "auc": 5.204579093999998,
        "top_k_recall": {
          "10": 0.1,
          "50": 0.24,
          "100": 0.23
        },
        "n_rounds": 15,
        "n_total_evaluated": 1180
      },
      "elapsed": 17.626588106155396,
      "best_so_far": [
        5.204579094,
        5.204579094,
        5.204579094,
        5.204579094,
        5.204579094,
        5.204579094,
        5.204579094,
        5.204579094,
        5.204579094,
        5.204579094,
        5.204579094,
        5.204579094,
        5.204579094,
        5.204579094,
        5.204579094,
        5.204579094
      ],
      "round_best": [
        4.313500646,
        3.673294176,
        4.329460088,
        3.376651663,
        4.172819137,
        4.165760723,
        3.85455575,
        3.991554574,
        3.694621139,
        2.642243488,
        2.145699573,
        3.9498073,
        4.289919611,
        2.489687795,
        2.708800522
      ],
      "n_evaluated": [
        1000,
        1012,
        1024,
        1036,
        1048,
        1060,
        1072,
        1084,
        1096,
        1108,
        1120,
        1132,
        1144,
        1156,
        1168,
        1180
      ]
    },
    "random": {
      "metrics": {
        "final_best": 5.204579094,
        "auc": 5.204579093999998,
        "top_k_recall": {
          "10": 0.1,
          "50": 0.08,
          "100": 0.07
        },
        "n_rounds": 15,
        "n_total_evaluated": 1180
      },
      "elapsed": 0.012897014617919922,
      "best_so_far": [
        5.204579094,
        5.204579094,
        5.204579094,
        5.204579094,
        5.204579094,
        5.204579094,
        5.204579094,
        5.204579094,
        5.204579094,
        5.204579094,
        5.204579094,
        5.204579094,
        5.204579094,
        5.204579094,
        5.204579094,
        5.204579094
      ],
      "round_best": [
        0.461361451,
        1.333993079,
        1.424555858,
        1.400388659,
        1.0045595,
        1.1974625,
        1.269729045,
        1.432011844,
        1.174276895,
        2.801083031,
        1.333993079,
        1.929872719,
        1.989962106,
        2.470309509,
        0.725867478
      ],
      "n_evaluated": [
        1000,
        1012,
        1024,
        1036,
        1048,
        1060,
        1072,
        1084,
        1096,
        1108,
        1120,
        1132,
        1144,
        1156,
        1168,
        1180
      ]
    }
  }
}