{
  "config": {
    "strategies": [
      "discrete_xgb_greedy"
    ],
    "rounds": 30,
    "batch_size": 6,
    "seed": 456,
    "n_seeds": 500,
    "subset": null,
    "kappa": 5.0,
    "xi": 0.01,
    "normalize": "copula",
    "feature_type": "lantern_unimol",
    "n_pcs": null,
    "reduction": "pca",
    "context_features": false,
    "fp_radius": null,
    "fp_bits": null
  },
  "results": {
    "discrete_xgb_greedy": {
      "metrics": {
        "final_best": 7.223938424,
        "auc": 6.180602770166666,
        "top_k_recall": {
          "10": 0.3,
          "50": 0.32,
          "100": 0.26
        },
        "n_rounds": 30,
        "n_total_evaluated": 680
      },
      "elapsed": 16.082536935806274,
      "best_so_far": [
        5.204579094,
        5.204579094,
        5.204579094,
        5.204579094,
        5.204579094,
        5.204579094,
        5.204579094,
        5.204579094,
        5.204579094,
        5.204579094,
        5.204579094,
        5.204579094,
        5.204579094,
        5.204579094,
        5.204579094,
        5.204579094,
        7.223938424,
        7.223938424,
        7.223938424,
        7.223938424,
        7.223938424,
        7.223938424,
        7.223938424,
        7.223938424,
        7.223938424,
        7.223938424,
        7.223938424,
        7.223938424,
        7.223938424,
        7.223938424,
        7.223938424
      ],
      "round_best": [
        4.992373602,
        4.200415843,
        3.898707057,
        2.791396167,
        3.482298068,
        1.898442677,
        2.544416933,
        3.076099266,
        0.850962943,
        2.362672311,
        3.724757028,
        3.486433466,
        3.345767656,
        3.262449649,
        5.204579094,
        7.223938424,
        4.313500646,
        4.273788993,
        4.544497192,
        5.651833082,
        4.289919611,
        3.365712434,
        4.181623819,
        2.708800522,
        1.268801465,
        1.238259976,
        3.694621139,
        2.467127211,
        1.808493933,
        2.871826516
      ],
      "n_evaluated": [
        500,
        506,
        512,
        518,
        524,
        530,
        536,
        542,
        548,
        554,
        560,
        566,
        572,
        578,
        584,
        590,
        596,
        602,
        608,
        614,
        620,
        626,
        632,
        638,
        644,
        650,
        656,
        662,
        668,
        674,
        680
      ]
    }
  }
}