{
  "config": {
    "strategies": [
      "discrete_xgb_greedy",
      "random"
    ],
    "rounds": 15,
    "batch_size": 12,
    "seed": 456,
    "n_seeds": 500,
    "subset": null,
    "kappa": 5.0,
    "xi": 0.01,
    "normalize": "copula",
    "feature_type": "lantern",
    "n_pcs": null,
    "reduction": "pls",
    "context_features": false,
    "fp_radius": null,
    "fp_bits": null
  },
  "results": {
    "discrete_xgb_greedy": {
      "metrics": {
        "final_best": 5.204579094,
        "auc": 5.204579093999998,
        "top_k_recall": {
          "10": 0.1,
          "50": 0.14,
          "100": 0.15
        },
        "n_rounds": 15,
        "n_total_evaluated": 680
      },
      "elapsed": 19.354079961776733,
      "best_so_far": [
        5.204579094,
        5.204579094,
        5.204579094,
        5.204579094,
        5.204579094,
        5.204579094,
        5.204579094,
        5.204579094,
        5.204579094,
        5.204579094,
        5.204579094,
        5.204579094,
        5.204579094,
        5.204579094,
        5.204579094,
        5.204579094
      ],
      "round_best": [
        3.588153592,
        2.791396167,
        5.201422,
        3.673294176,
        3.482298068,
        1.581538259,
        2.463309074,
        3.752938486,
        2.423623917,
        3.724757028,
        1.898442677,
        2.547813795,
        4.775968805,
        3.898707057,
        2.037504053
      ],
      "n_evaluated": [
        500,
        512,
        524,
        536,
        548,
        560,
        572,
        584,
        596,
        608,
        620,
        632,
        644,
        656,
        668,
        680
      ]
    },
    "random": {
      "metrics": {
        "final_best": 5.651833082,
        "auc": 5.308938357866665,
        "top_k_recall": {
          "10": 0.2,
          "50": 0.12,
          "100": 0.1
        },
        "n_rounds": 15,
        "n_total_evaluated": 680
      },
      "elapsed": 0.01468801498413086,
      "best_so_far": [
        5.204579094,
        5.204579094,
        5.204579094,
        5.204579094,
        5.204579094,
        5.204579094,
        5.204579094,
        5.204579094,
        5.204579094,
        5.204579094,
        5.204579094,
        5.204579094,
        5.651833082,
        5.651833082,
        5.651833082,
        5.651833082
      ],
      "round_best": [
        0.996801796,
        0.98815732,
        4.172819137,
        3.828025825,
        2.948694289,
        3.206335881,
        1.885012985,
        3.253262651,
        1.975769688,
        2.948694289,
        1.411422074,
        5.651833082,
        1.03091033,
        1.60965941,
        1.52065795
      ],
      "n_evaluated": [
        500,
        512,
        524,
        536,
        548,
        560,
        572,
        584,
        596,
        608,
        620,
        632,
        644,
        656,
        668,
        680
      ]
    }
  }
}