{
  "config": {
    "strategies": [
      "random",
      "lnpbo_ucb",
      "discrete_gp_ucb",
      "discrete_rf_ucb",
      "discrete_rf_ts",
      "discrete_xgb_greedy"
    ],
    "rounds": 15,
    "batch_size": 12,
    "seed": 42,
    "n_seeds": 100,
    "subset": 5000,
    "kappa": 5.0,
    "xi": 0.01,
    "normalize": "copula"
  },
  "results": {
    "random": {
      "metrics": {
        "final_best": 214.69,
        "auc": 80.99051205026664,
        "top_k_recall": {
          "10": 0.2,
          "50": 0.08,
          "100": 0.08
        },
        "n_rounds": 15,
        "n_total_evaluated": 280
      },
      "elapsed": 0.003755807876586914,
      "best_so_far": [
        2.35010035,
        2.35010035,
        2.35010035,
        4.026775697,
        4.026775697,
        4.026775697,
        4.026775697,
        4.026775697,
        4.026775697,
        4.026775697,
        214.69,
        214.69,
        214.69,
        214.69,
        214.69,
        214.69
      ],
      "round_best": [
        1.95078326,
        2.27544837,
        4.026775697,
        1.647324998,
        2.405467418,
        1.532208977,
        1.794867128,
        1.359229835,
        0.915134376,
        214.69,
        1.85005724,
        2.95220475,
        2.001818663,
        1.337030129,
        1.564070074
      ],
      "n_evaluated": [
        100,
        112,
        124,
        136,
        148,
        160,
        172,
        184,
        196,
        208,
        220,
        232,
        244,
        256,
        268,
        280
      ]
    },
    "lnpbo_ucb": {
      "metrics": {
        "final_best": 4.020740553,
        "auc": 3.1854204515,
        "top_k_recall": {
          "10": 0.0,
          "50": 0.04,
          "100": 0.07
        },
        "n_rounds": 15,
        "n_total_evaluated": 276
      },
      "elapsed": 508.6113111972809,
      "best_so_far": [
        2.35010035,
        2.35010035,
        2.35010035,
        2.35010035,
        2.35010035,
        2.35010035,
        2.35010035,
        2.35010035,
        4.020740553,
        4.020740553,
        4.020740553,
        4.020740553,
        4.020740553,
        4.020740553,
        4.020740553,
        4.020740553
      ],
      "round_best": [
        1.403724582,
        1.61255928,
        1.989962106,
        2.240589708,
        1.757056655,
        1.85005724,
        1.667863904,
        4.020740553,
        2.827834123,
        1.918124921,
        2.649882909,
        2.463309074,
        1.85005724,
        2.295827697,
        1.338693262
      ],
      "n_evaluated": [
        100,
        112,
        123,
        135,
        147,
        159,
        170,
        182,
        194,
        206,
        218,
        228,
        240,
        252,
        264,
        276
      ]
    },
    "discrete_gp_ucb": {
      "metrics": {
        "final_best": 2.948694289,
        "auc": 2.9287411577000007,
        "top_k_recall": {
          "10": 0.0,
          "50": 0.02,
          "100": 0.06
        },
        "n_rounds": 15,
        "n_total_evaluated": 280
      },
      "elapsed": 0.2729451656341553,
      "best_so_far": [
        2.35010035,
        2.948694289,
        2.948694289,
        2.948694289,
        2.948694289,
        2.948694289,
        2.948694289,
        2.948694289,
        2.948694289,
        2.948694289,
        2.948694289,
        2.948694289,
        2.948694289,
        2.948694289,
        2.948694289,
        2.948694289
      ],
      "round_best": [
        2.948694289,
        0.746362578,
        2.255334207,
        1.673570816,
        2.697757813,
        2.240589708,
        2.318392399,
        1.516674527,
        1.542320354,
        1.329063511,
        2.324919859,
        1.757056655,
        1.149220077,
        2.001818663,
        0.572815607
      ],
      "n_evaluated": [
        100,
        112,
        124,
        136,
        148,
        160,
        172,
        184,
        196,
        208,
        220,
        232,
        244,
        256,
        268,
        280
      ]
    },
    "discrete_rf_ucb": {
      "metrics": {
        "final_best": 3.909457695,
        "auc": 3.657997912099999,
        "top_k_recall": {
          "10": 0.0,
          "50": 0.08,
          "100": 0.07
        },
        "n_rounds": 15,
        "n_total_evaluated": 280
      },
      "elapsed": 2.011496067047119,
      "best_so_far": [
        2.35010035,
        2.35010035,
        2.476596969,
        3.909457695,
        3.909457695,
        3.909457695,
        3.909457695,
        3.909457695,
        3.909457695,
        3.909457695,
        3.909457695,
        3.909457695,
        3.909457695,
        3.909457695,
        3.909457695,
        3.909457695
      ],
      "round_best": [
        2.164731449,
        2.476596969,
        3.909457695,
        0.601063746,
        3.199768113,
        3.737306236,
        3.820367389,
        2.466628713,
        1.498663101,
        1.167704881,
        2.001818663,
        1.85005724,
        1.85005724,
        1.385734833,
        0.675300121
      ],
      "n_evaluated": [
        100,
        112,
        124,
        136,
        148,
        160,
        172,
        184,
        196,
        208,
        220,
        232,
        244,
        256,
        268,
        280
      ]
    },
    "discrete_rf_ts": {
      "metrics": {
        "final_best": 4.020740553,
        "auc": 3.2577223086333333,
        "top_k_recall": {
          "10": 0.0,
          "50": 0.12,
          "100": 0.13
        },
        "n_rounds": 15,
        "n_total_evaluated": 280
      },
      "elapsed": 1.3093056678771973,
      "best_so_far": [
        2.35010035,
        2.35010035,
        2.35010035,
        2.35010035,
        2.35010035,
        2.35010035,
        2.35010035,
        3.85455575,
        3.85455575,
        3.85455575,
        3.991554574,
        3.991554574,
        3.991554574,
        4.020740553,
        4.020740553,
        4.020740553
      ],
      "round_best": [
        1.581218868,
        1.75569846,
        1.806417154,
        0.533065353,
        2.164731449,
        1.85005724,
        3.85455575,
        2.402506978,
        2.62912927,
        3.991554574,
        2.46421997,
        2.697757813,
        4.020740553,
        2.649882909,
        2.597894559
      ],
      "n_evaluated": [
        100,
        112,
        124,
        136,
        148,
        160,
        172,
        184,
        196,
        208,
        220,
        232,
        244,
        256,
        268,
        280
      ]
    },
    "discrete_xgb_greedy": {
      "metrics": {
        "final_best": 4.620220094,
        "auc": 3.9391841707999995,
        "top_k_recall": {
          "10": 0.1,
          "50": 0.02,
          "100": 0.03
        },
        "n_rounds": 15,
        "n_total_evaluated": 280
      },
      "elapsed": 3.211097002029419,
      "best_so_far": [
        2.35010035,
        2.35010035,
        2.35010035,
        2.35010035,
        2.35010035,
        4.620220094,
        4.620220094,
        4.620220094,
        4.620220094,
        4.620220094,
        4.620220094,
        4.620220094,
        4.620220094,
        4.620220094,
        4.620220094,
        4.620220094
      ],
      "round_best": [
        1.75569846,
        1.513881281,
        1.592616945,
        1.538647699,
        4.620220094,
        0.676954445,
        1.589574973,
        1.34076046,
        1.745529811,
        1.948260785,
        2.466628713,
        1.511663075,
        1.925427301,
        1.889447803,
        1.975769688
      ],
      "n_evaluated": [
        100,
        112,
        124,
        136,
        148,
        160,
        172,
        184,
        196,
        208,
        220,
        232,
        244,
        256,
        268,
        280
      ]
    }
  }
}