{
  "config": {
    "strategies": [
      "random",
      "lnpbo_ucb",
      "lnpbo_ei",
      "lnpbo_logei",
      "lnpbo_lp_ei",
      "lnpbo_lp_logei",
      "lnpbo_pls_logei",
      "lnpbo_pls_lp_logei"
    ],
    "rounds": 10,
    "batch_size": 12,
    "seed": 42,
    "n_seeds": 100,
    "subset": 5000,
    "kappa": 5.0,
    "xi": 0.01,
    "normalize": "copula"
  },
  "results": {
    "random": {
      "metrics": {
        "final_best": 214.69,
        "auc": 14.140768075399999,
        "top_k_recall": {
          "10": 0.2,
          "50": 0.06,
          "100": 0.07
        },
        "n_rounds": 10,
        "n_total_evaluated": 220
      },
      "elapsed": 0.006700038909912109,
      "best_so_far": [
        2.35010035,
        2.35010035,
        2.35010035,
        4.026775697,
        4.026775697,
        4.026775697,
        4.026775697,
        4.026775697,
        4.026775697,
        4.026775697,
        214.69
      ],
      "round_best": [
        1.95078326,
        2.27544837,
        4.026775697,
        1.647324998,
        2.405467418,
        1.532208977,
        1.794867128,
        1.359229835,
        0.915134376,
        214.69
      ],
      "n_evaluated": [
        100,
        112,
        124,
        136,
        148,
        160,
        172,
        184,
        196,
        208,
        220
      ]
    },
    "lnpbo_ucb": {
      "metrics": {
        "final_best": 4.020740553,
        "auc": 2.7748393846610173,
        "top_k_recall": {
          "10": 0.0,
          "50": 0.04,
          "100": 0.04
        },
        "n_rounds": 10,
        "n_total_evaluated": 218
      },
      "elapsed": 973.2284297943115,
      "best_so_far": [
        2.35010035,
        2.35010035,
        2.35010035,
        2.35010035,
        2.35010035,
        2.35010035,
        2.35010035,
        2.35010035,
        4.020740553,
        4.020740553,
        4.020740553
      ],
      "round_best": [
        1.403724582,
        1.61255928,
        1.989962106,
        2.240589708,
        1.757056655,
        1.85005724,
        1.667863904,
        4.020740553,
        2.827834123,
        1.918124921
      ],
      "n_evaluated": [
        100,
        112,
        123,
        135,
        147,
        159,
        170,
        182,
        194,
        206,
        218
      ]
    },
    "lnpbo_ei": {
      "metrics": {
        "final_best": 4.020740553,
        "auc": 2.7748393846610173,
        "top_k_recall": {
          "10": 0.0,
          "50": 0.04,
          "100": 0.04
        },
        "n_rounds": 10,
        "n_total_evaluated": 218
      },
      "elapsed": 1161.8367371559143,
      "best_so_far": [
        2.35010035,
        2.35010035,
        2.35010035,
        2.35010035,
        2.35010035,
        2.35010035,
        2.35010035,
        2.35010035,
        4.020740553,
        4.020740553,
        4.020740553
      ],
      "round_best": [
        1.403724582,
        1.61255928,
        1.989962106,
        2.240589708,
        1.757056655,
        1.85005724,
        1.667863904,
        4.020740553,
        2.827834123,
        1.918124921
      ],
      "n_evaluated": [
        100,
        112,
        123,
        135,
        147,
        159,
        170,
        182,
        194,
        206,
        218
      ]
    },
    "lnpbo_logei": {
      "metrics": {
        "final_best": 4.020740553,
        "auc": 2.7748393846610173,
        "top_k_recall": {
          "10": 0.0,
          "50": 0.04,
          "100": 0.04
        },
        "n_rounds": 10,
        "n_total_evaluated": 218
      },
      "elapsed": 1150.5646362304688,
      "best_so_far": [
        2.35010035,
        2.35010035,
        2.35010035,
        2.35010035,
        2.35010035,
        2.35010035,
        2.35010035,
        2.35010035,
        4.020740553,
        4.020740553,
        4.020740553
      ],
      "round_best": [
        1.403724582,
        1.61255928,
        1.989962106,
        2.240589708,
        1.757056655,
        1.85005724,
        1.667863904,
        4.020740553,
        2.827834123,
        1.918124921
      ],
      "n_evaluated": [
        100,
        112,
        123,
        135,
        147,
        159,
        170,
        182,
        194,
        206,
        218
      ]
    },
    "lnpbo_lp_ei": {
      "metrics": {
        "final_best": 4.020740553,
        "auc": 2.7748393846610173,
        "top_k_recall": {
          "10": 0.0,
          "50": 0.04,
          "100": 0.04
        },
        "n_rounds": 10,
        "n_total_evaluated": 218
      },
      "elapsed": 1472.826461315155,
      "best_so_far": [
        2.35010035,
        2.35010035,
        2.35010035,
        2.35010035,
        2.35010035,
        2.35010035,
        2.35010035,
        2.35010035,
        4.020740553,
        4.020740553,
        4.020740553
      ],
      "round_best": [
        1.403724582,
        1.61255928,
        1.989962106,
        2.240589708,
        1.757056655,
        1.85005724,
        1.667863904,
        4.020740553,
        2.827834123,
        1.918124921
      ],
      "n_evaluated": [
        100,
        112,
        123,
        135,
        147,
        159,
        170,
        182,
        194,
        206,
        218
      ]
    },
    "lnpbo_lp_logei": {
      "metrics": {
        "final_best": 4.020740553,
        "auc": 2.7748393846610173,
        "top_k_recall": {
          "10": 0.0,
          "50": 0.04,
          "100": 0.04
        },
        "n_rounds": 10,
        "n_total_evaluated": 218
      },
      "elapsed": 1471.83021402359,
      "best_so_far": [
        2.35010035,
        2.35010035,
        2.35010035,
        2.35010035,
        2.35010035,
        2.35010035,
        2.35010035,
        2.35010035,
        4.020740553,
        4.020740553,
        4.020740553
      ],
      "round_best": [
        1.403724582,
        1.61255928,
        1.989962106,
        2.240589708,
        1.757056655,
        1.85005724,
        1.667863904,
        4.020740553,
        2.827834123,
        1.918124921
      ],
      "n_evaluated": [
        100,
        112,
        123,
        135,
        147,
        159,
        170,
        182,
        194,
        206,
        218
      ]
    },
    "lnpbo_pls_logei": {
      "metrics": {
        "final_best": 2.915576705,
        "auc": 2.8293176000000004,
        "top_k_recall": {
          "10": 0.0,
          "50": 0.02,
          "100": 0.04
        },
        "n_rounds": 10,
        "n_total_evaluated": 218
      },
      "elapsed": 1498.3291342258453,
      "best_so_far": [
        2.35010035,
        2.35010035,
        2.915576705,
        2.915576705,
        2.915576705,
        2.915576705,
        2.915576705,
        2.915576705,
        2.915576705,
        2.915576705,
        2.915576705
      ],
      "round_best": [
        1.589574973,
        2.915576705,
        1.39418971,
        2.46421997,
        1.74023846,
        2.240589708,
        2.062992229,
        1.338693262,
        2.463309074,
        1.989962106
      ],
      "n_evaluated": [
        100,
        112,
        124,
        136,
        148,
        159,
        171,
        183,
        194,
        206,
        218
      ]
    },
    "lnpbo_pls_lp_logei": {
      "metrics": {
        "final_best": 2.915576705,
        "auc": 2.8293176000000004,
        "top_k_recall": {
          "10": 0.0,
          "50": 0.02,
          "100": 0.04
        },
        "n_rounds": 10,
        "n_total_evaluated": 218
      },
      "elapsed": 1052.1752920150757,
      "best_so_far": [
        2.35010035,
        2.35010035,
        2.915576705,
        2.915576705,
        2.915576705,
        2.915576705,
        2.915576705,
        2.915576705,
        2.915576705,
        2.915576705,
        2.915576705
      ],