{
  "config": {
    "strategies": [
      "discrete_rf_ts",
      "discrete_xgb_greedy"
    ],
    "rounds": 15,
    "batch_size": 12,
    "seed": 789,
    "n_seeds": 100,
    "subset": 5000,
    "kappa": 5.0,
    "xi": 0.01,
    "normalize": "copula"
  },
  "results": {
    "discrete_rf_ts": {
      "metrics": {
        "final_best": 3.991554574,
        "auc": 3.8974459633,
        "top_k_recall": {
          "10": 0.0,
          "50": 0.16,
          "100": 0.15
        },
        "n_rounds": 15,
        "n_total_evaluated": 280
      },
      "elapsed": 3.0778632164001465,
      "best_so_far": [
        3.667275901,
        3.667275901,
        3.667275901,
        3.691088335,
        3.691088335,
        3.991554574,
        3.991554574,
        3.991554574,
        3.991554574,
        3.991554574,
        3.991554574,
        3.991554574,
        3.991554574,
        3.991554574,
        3.991554574,
        3.991554574
      ],
      "round_best": [
        2.255334207,
        1.451243555,
        3.691088335,
        1.34076046,
        3.991554574,
        3.85455575,
        1.918124921,
        2.455779717,
        2.390246793,
        3.131377134,
        2.871826516,
        0.599806528,
        1.493673326,
        3.71723523,
        3.724757028
      ],
      "n_evaluated": [
        100,
        112,
        124,
        136,
        148,
        160,
        172,
        184,
        196,
        208,
        220,
        232,
        244,
        256,
        268,
        280
      ]
    },
    "discrete_xgb_greedy": {
      "metrics": {
        "final_best": 3.991554574,
        "auc": 3.7020532548333334,
        "top_k_recall": {
          "10": 0.0,
          "50": 0.14,
          "100": 0.11
        },
        "n_rounds": 15,
        "n_total_evaluated": 280
      },
      "elapsed": 2.805535078048706,
      "best_so_far": [
        3.667275901,
        3.691088335,
        3.691088335,
        3.691088335,
        3.691088335,
        3.691088335,
        3.691088335,
        3.691088335,
        3.691088335,
        3.691088335,
        3.691088335,
        3.691088335,
        3.691088335,
        3.691088335,
        3.71723523,
        3.991554574
      ],
      "round_best": [
        3.691088335,
        1.452341963,
        2.467127211,
        1.451243555,
        3.661572151,
        2.703256323,
        1.430709205,
        1.736534937,
        2.792279578,
        1.937772953,
        1.85005724,
        1.85005724,
        2.255334207,
        3.71723523,
        3.991554574
      ],
      "n_evaluated": [
        100,
        112,
        124,
        136,
        148,
        160,
        172,
        184,
        196,
        208,
        220,
        232,
        244,
        256,
        268,
        280
      ]
    }
  }
}