{
  "config": {
    "strategies": [
      "discrete_rf_ts",
      "discrete_xgb_greedy"
    ],
    "rounds": 15,
    "batch_size": 12,
    "seed": 456,
    "n_seeds": 100,
    "subset": 5000,
    "kappa": 5.0,
    "xi": 0.01,
    "normalize": "copula"
  },
  "results": {
    "discrete_rf_ts": {
      "metrics": {
        "final_best": 7.223938424,
        "auc": 3.1706954384999997,
        "top_k_recall": {
          "10": 0.1,
          "50": 0.02,
          "100": 0.08
        },
        "n_rounds": 15,
        "n_total_evaluated": 280
      },
      "elapsed": 2.841360092163086,
      "best_so_far": [
        2.176469539,
        2.176469539,
        2.176469539,
        2.176469539,
        2.176469539,
        2.463309074,
        2.463309074,
        2.463309074,
        2.463309074,
        2.463309074,
        2.463309074,
        2.463309074,
        2.463309074,
        7.223938424,
        7.223938424,
        7.223938424
      ],
      "round_best": [
        1.700680653,
        1.0045595,
        1.26475787640537,
        1.261017841,
        2.463309074,
        1.358750209,
        2.463309074,
        2.463309074,
        1.421714331,
        1.909499462,
        2.463309074,
        2.463309074,
        7.223938424,
        2.131948569,
        0.850962943
      ],
      "n_evaluated": [
        100,
        112,
        124,
        136,
        148,
        160,
        172,
        184,
        196,
        208,
        220,
        232,
        244,
        256,
        268,
        280
      ]
    },
    "discrete_xgb_greedy": {
      "metrics": {
        "final_best": 8.73,
        "auc": 5.409367696766666,
        "top_k_recall": {
          "10": 0.2,
          "50": 0.06,
          "100": 0.08
        },
        "n_rounds": 15,
        "n_total_evaluated": 280
      },
      "elapsed": 5.236823081970215,
      "best_so_far": [
        2.176469539,
        2.176469539,
        2.378635461,
        2.378635461,
        2.598132241,
        3.820367389,
        3.820367389,
        3.820367389,
        3.820367389,
        7.223938424,
        8.73,
        8.73,
        8.73,
        8.73,
        8.73,
        8.73
      ],
      "round_best": [
        1.856763869,
        2.378635461,
        1.808493933,
        2.598132241,
        3.820367389,
        1.116472758,
        1.500343218,
        1.48600869,
        7.223938424,
        8.73,
        1.85005724,
        0.477611216,
        2.463309074,
        1.163736807,
        1.313080718
      ],
      "n_evaluated": [
        100,
        112,
        124,
        136,
        148,
        160,
        172,
        184,
        196,
        208,
        220,
        232,
        244,
        256,
        268,
        280
      ]
    }
  }
}