{
  "config": {
    "strategies": [
      "discrete_rf_ts",
      "discrete_xgb_greedy"
    ],
    "rounds": 15,
    "batch_size": 12,
    "seed": 42,
    "n_seeds": 100,
    "subset": 5000,
    "kappa": 5.0,
    "xi": 0.01,
    "normalize": "copula"
  },
  "results": {
    "discrete_rf_ts": {
      "metrics": {
        "final_best": 156.24,
        "auc": 48.55713996466667,
        "top_k_recall": {
          "10": 0.2,
          "50": 0.04,
          "100": 0.05
        },
        "n_rounds": 15,
        "n_total_evaluated": 280
      },
      "elapsed": 1.5494818687438965,
      "best_so_far": [
        2.35010035,
        2.35010035,
        2.35010035,
        2.35010035,
        2.35010035,
        2.35010035,
        2.470309509,
        2.470309509,
        2.470309509,
        2.470309509,
        2.470309509,
        156.24,
        156.24,
        156.24,
        156.24,
        156.24
      ],
      "round_best": [
        1.581218868,
        2.164731449,
        1.149220077,
        1.448934292,
        1.85005724,
        2.470309509,
        0.81023563,
        1.202230986,
        1.224347939,
        1.431590428,
        156.24,
        1.219436165,
        1.249623174,
        0.779183774,
        151.74
      ],
      "n_evaluated": [
        100,
        112,
        124,
        136,
        148,
        160,
        172,
        184,
        196,
        208,
        220,
        232,
        244,
        256,
        268,
        280
      ]
    },
    "discrete_xgb_greedy": {
      "metrics": {
        "final_best": 4.620220094,
        "auc": 3.1824775894666666,
        "top_k_recall": {
          "10": 0.1,
          "50": 0.02,
          "100": 0.02
        },
        "n_rounds": 15,
        "n_total_evaluated": 280
      },
      "elapsed": 3.905940055847168,
      "best_so_far": [
        2.35010035,
        2.35010035,
        2.35010035,
        2.35010035,
        2.35010035,
        2.35010035,
        2.35010035,
        2.35010035,
        2.35010035,
        2.35010035,
        4.620220094,
        4.620220094,
        4.620220094,
        4.620220094,
        4.620220094,
        4.620220094
      ],
      "round_best": [
        2.164731449,
        1.75569846,
        1.592616945,
        1.588362456,
        1.925427301,
        0.413077971347134,
        0.682851221,
        1.975769688,
        1.745529811,
        4.620220094,
        1.374602827,
        1.250963625,
        1.028096266,
        1.364124788,
        1.693547834
      ],
      "n_evaluated": [
        100,
        112,
        124,
        136,
        148,
        160,
        172,
        184,
        196,
        208,
        220,
        232,
        244,
        256,
        268,
        280
      ]
    }
  }
}