{
  "config": {
    "strategies": [
      "discrete_rf_ts",
      "discrete_xgb_greedy"
    ],
    "rounds": 15,
    "batch_size": 12,
    "seed": 2024,
    "n_seeds": 100,
    "subset": 5000,
    "kappa": 5.0,
    "xi": 0.01,
    "normalize": "copula"
  },
  "results": {
    "discrete_rf_ts": {
      "metrics": {
        "final_best": 4.544497192,
        "auc": 4.197694832600002,
        "top_k_recall": {
          "10": 0.0,
          "50": 0.32,
          "100": 0.27
        },
        "n_rounds": 15,
        "n_total_evaluated": 280
      },
      "elapsed": 1.430732011795044,
      "best_so_far": [
        3.613084198,
        3.613084198,
        3.613084198,
        3.613084198,
        3.613084198,
        4.207604886,
        4.207604886,
        4.207604886,
        4.544497192,
        4.544497192,
        4.544497192,
        4.544497192,
        4.544497192,
        4.544497192,
        4.544497192,
        4.544497192
      ],
      "round_best": [
        2.807357547,
        1.638383094,
        0.522511785,
        1.713405268,
        4.207604886,
        3.662479672,
        3.127629079,
        4.544497192,
        4.313500646,
        1.888668072,
        0.78950938,
        3.522572096,
        2.948694289,
        4.172819137,
        0.888588882
      ],
      "n_evaluated": [
        100,
        112,
        124,
        136,
        148,
        160,
        172,
        184,
        196,
        208,
        220,
        232,
        244,
        256,
        268,
        280
      ]
    },
    "discrete_xgb_greedy": {
      "metrics": {
        "final_best": 4.232203163,
        "auc": 4.205006323633333,
        "top_k_recall": {
          "10": 0.0,
          "50": 0.2,
          "100": 0.22
        },
        "n_rounds": 15,
        "n_total_evaluated": 280
      },
      "elapsed": 2.6055479049682617,
      "best_so_far": [
        3.613084198,
        4.207604886,
        4.207604886,
        4.207604886,
        4.207604886,
        4.232203163,
        4.232203163,
        4.232203163,
        4.232203163,
        4.232203163,
        4.232203163,
        4.232203163,
        4.232203163,
        4.232203163,
        4.232203163,
        4.232203163
      ],
      "round_best": [
        4.207604886,
        0.624873313,
        2.455779717,
        3.348577114,
        4.232203163,
        1.318628797,
        4.172819137,
        3.367098356,
        2.996762819,
        2.95220475,
        2.324919859,
        1.590165417,
        2.018335441,
        2.807357547,
        1.581538259
      ],
      "n_evaluated": [
        100,
        112,
        124,
        136,
        148,
        160,
        172,
        184,
        196,
        208,
        220,
        232,
        244,
        256,
        268,
        280
      ]
    }
  }
}