{
  "config": {
    "strategies": [
      "discrete_rf_ts",
      "discrete_xgb_greedy"
    ],
    "rounds": 15,
    "batch_size": 12,
    "seed": 123,
    "n_seeds": 100,
    "subset": 5000,
    "kappa": 5.0,
    "xi": 0.01,
    "normalize": "copula"
  },
  "results": {
    "discrete_rf_ts": {
      "metrics": {
        "final_best": 4.775968805,
        "auc": 4.700948510366667,
        "top_k_recall": {
          "10": 0.1,
          "50": 0.12,
          "100": 0.11
        },
        "n_rounds": 15,
        "n_total_evaluated": 280
      },
      "elapsed": 1.6722540855407715,
      "best_so_far": [
        2.525359966,
        4.775968805,
        4.775968805,
        4.775968805,
        4.775968805,
        4.775968805,
        4.775968805,
        4.775968805,
        4.775968805,
        4.775968805,
        4.775968805,
        4.775968805,
        4.775968805,
        4.775968805,
        4.775968805,
        4.775968805
      ],
      "round_best": [
        4.775968805,
        1.646586192,
        3.673294176,
        0.978568754,
        3.376651663,
        1.666422216,
        3.588153592,
        3.140928965,
        2.554332042,
        1.727784758,
        1.480820481,
        0.517969233,
        0.851394013,
        2.267211794,
        2.226998603
      ],
      "n_evaluated": [
        100,
        112,
        124,
        136,
        148,
        160,
        172,
        184,
        196,
        208,
        220,
        232,
        244,
        256,
        268,
        280
      ]
    },
    "discrete_xgb_greedy": {
      "metrics": {
        "final_best": 2.599648637,
        "auc": 2.597172347966667,
        "top_k_recall": {
          "10": 0.0,
          "50": 0.0,
          "100": 0.12
        },
        "n_rounds": 15,
        "n_total_evaluated": 280
      },
      "elapsed": 4.335397005081177,
      "best_so_far": [
        2.525359966,
        2.599648637,
        2.599648637,
        2.599648637,
        2.599648637,
        2.599648637,
        2.599648637,
        2.599648637,
        2.599648637,
        2.599648637,
        2.599648637,
        2.599648637,
        2.599648637,
        2.599648637,
        2.599648637,
        2.599648637
      ],
      "round_best": [
        2.599648637,
        1.872136882,
        1.993929408,
        2.060096283,
        2.32785952,
        1.157894606,
        2.367230044,
        2.525783715,
        2.339354304,
        2.568581573,
        2.222601043,
        1.599086397,
        1.478744724,
        1.645158808,
        1.023438456
      ],
      "n_evaluated": [
        100,
        112,
        124,
        136,
        148,
        160,
        172,
        184,
        196,
        208,
        220,
        232,
        244,
        256,
        268,
        280
      ]
    }
  }
}