{
  "config": {
    "strategies": [
      "discrete_xgb_greedy",
      "random"
    ],
    "rounds": 15,
    "batch_size": 12,
    "seed": 789,
    "n_seeds": 1000,
    "subset": null,
    "kappa": 5.0,
    "xi": 0.01,
    "normalize": "copula",
    "feature_type": "lantern",
    "n_pcs": null,
    "reduction": "pls"
  },
  "results": {
    "discrete_xgb_greedy": {
      "metrics": {
        "final_best": 5.201422,
        "auc": 4.787954951833333,
        "top_k_recall": {
          "10": 0.0,
          "50": 0.12,
          "100": 0.22
        },
        "n_rounds": 15,
        "n_total_evaluated": 1180
      },
      "elapsed": 16.877948760986328,
      "best_so_far": [
        4.097970969,
        4.687760163,
        4.687760163,
        4.687760163,
        4.687760163,
        4.687760163,
        4.687760163,
        4.687760163,
        4.687760163,
        4.687760163,
        4.687760163,
        4.687760163,
        5.201422,
        5.201422,
        5.201422,
        5.201422
      ],
      "round_best": [
        4.687760163,
        4.461066409,
        4.329460088,
        4.172819137,
        3.991554574,
        3.364189095,
        3.821152267,
        3.362729205,
        2.95220475,
        3.694621139,
        2.95220475,
        5.201422,
        1.947194754,
        2.95220475,
        2.644162399
      ],
      "n_evaluated": [
        1000,
        1012,
        1024,
        1036,
        1048,
        1060,
        1072,
        1084,
        1096,
        1108,
        1120,
        1132,
        1144,
        1156,
        1168,
        1180
      ]
    },
    "random": {
      "metrics": {
        "final_best": 4.687760163,
        "auc": 4.196269168000001,
        "top_k_recall": {
          "10": 0.0,
          "50": 0.02,
          "100": 0.08
        },
        "n_rounds": 15,
        "n_total_evaluated": 1180
      },
      "elapsed": 0.016810894012451172,
      "best_so_far": [
        4.097970969,
        4.097970969,
        4.097970969,
        4.097970969,
        4.097970969,
        4.097970969,
        4.097970969,
        4.097970969,
        4.097970969,
        4.097970969,
        4.097970969,
        4.097970969,
        4.097970969,
        4.687760163,
        4.687760163,
        4.687760163
      ],
      "round_best": [
        1.638383094,
        2.463309074,
        1.088462578,
        2.801083031,
        1.043929603,
        1.419711238,
        2.226570457,
        1.975769688,
        1.187536088,
        3.898707057,
        1.234340736939,
        0.850962943,
        4.687760163,
        1.028096266,
        1.200721181
      ],
      "n_evaluated": [
        1000,
        1012,
        1024,
        1036,
        1048,
        1060,
        1072,
        1084,
        1096,
        1108,
        1120,
        1132,
        1144,
        1156,
        1168,
        1180
      ]
    }
  }
}