{
  "config": {
    "strategies": [
      "discrete_xgb_ucb"
    ],
    "rounds": 15,
    "batch_size": 12,
    "seed": 789,
    "n_seeds": 1000,
    "subset": null,
    "kappa": 5.0,
    "xi": 0.01,
    "normalize": "copula",
    "feature_type": "lantern",
    "n_pcs": null,
    "reduction": "pls"
  },
  "results": {
    "discrete_xgb_ucb": {
      "metrics": {
        "final_best": 5.201422,
        "auc": 4.993419686633333,
        "top_k_recall": {
          "10": 0.0,
          "50": 0.14,
          "100": 0.24
        },
        "n_rounds": 15,
        "n_total_evaluated": 1180
      },
      "elapsed": 47.75064396858215,
      "best_so_far": [
        4.097970969,
        4.687760163,
        4.687760163,
        4.687760163,
        4.687760163,
        4.687760163,
        5.201422,
        5.201422,
        5.201422,
        5.201422,
        5.201422,
        5.201422,
        5.201422,
        5.201422,
        5.201422,
        5.201422
      ],
      "round_best": [
        4.687760163,
        2.181860394,
        3.199768113,
        2.807357547,
        4.329460088,
        5.201422,
        3.076099266,
        2.95220475,
        3.71723523,
        4.992373602,
        4.172819137,
        4.165760723,
        3.821152267,
        3.85455575,
        3.991554574
      ],
      "n_evaluated": [
        1000,
        1012,
        1024,
        1036,
        1048,
        1060,
        1072,
        1084,
        1096,
        1108,
        1120,
        1132,
        1144,
        1156,
        1168,
        1180
      ]
    }
  }
}