{
  "config": {
    "strategies": [
      "discrete_xgb_ucb"
    ],
    "rounds": 15,
    "batch_size": 12,
    "seed": 123,
    "n_seeds": 500,
    "subset": null,
    "kappa": 5.0,
    "xi": 0.01,
    "normalize": "copula",
    "feature_type": "lantern",
    "n_pcs": null,
    "reduction": "pls"
  },
  "results": {
    "discrete_xgb_ucb": {
      "metrics": {
        "final_best": 4.992373602,
        "auc": 4.992373601999998,
        "top_k_recall": {
          "10": 0.0,
          "50": 0.16,
          "100": 0.16
        },
        "n_rounds": 15,
        "n_total_evaluated": 680
      },
      "elapsed": 45.185540199279785,
      "best_so_far": [
        4.992373602,
        4.992373602,
        4.992373602,
        4.992373602,
        4.992373602,
        4.992373602,
        4.992373602,
        4.992373602,
        4.992373602,
        4.992373602,
        4.992373602,
        4.992373602,
        4.992373602,
        4.992373602,
        4.992373602,
        4.992373602
      ],
      "round_best": [
        4.544497192,
        3.127400177,
        4.020740553,
        4.172819137,
        4.165760723,
        2.489687795,
        3.752938486,
        3.277323412,
        3.544862966,
        2.557821526,
        2.520220111,
        2.544416933,
        2.57465692,
        3.076099266,
        2.455779717
      ],
      "n_evaluated": [
        500,
        512,
        524,
        536,
        548,
        560,
        572,
        584,
        596,
        608,
        620,
        632,
        644,
        656,
        668,
        680
      ]
    }
  }
}