{
  "config": {
    "strategies": [
      "discrete_xgb_greedy",
      "random"
    ],
    "rounds": 15,
    "batch_size": 12,
    "seed": 456,
    "n_seeds": 1000,
    "subset": null,
    "kappa": 5.0,
    "xi": 0.01,
    "normalize": "copula",
    "feature_type": "lantern",
    "n_pcs": null,
    "reduction": "pls"
  },
  "results": {
    "discrete_xgb_greedy": {
      "metrics": {
        "final_best": 214.69,
        "auc": 207.05933333333329,
        "top_k_recall": {
          "10": 0.9,
          "50": 0.38,
          "100": 0.35
        },
        "n_rounds": 15,
        "n_total_evaluated": 1180
      },
      "elapsed": 16.580801010131836,
      "best_so_far": [
        151.53,
        173.25,
        173.25,
        214.69,
        214.69,
        214.69,
        214.69,
        214.69,
        214.69,
        214.69,
        214.69,
        214.69,
        214.69,
        214.69,
        214.69,
        214.69
      ],
      "round_best": [
        173.25,
        3.969856904,
        214.69,
        8.73,
        4.172819137,
        4.165760723,
        3.85455575,
        4.020740553,
        3.588153592,
        2.466628713,
        4.200415843,
        2.440488007,
        3.752938486,
        4.992373602,
        2.131948569
      ],
      "n_evaluated": [
        1000,
        1012,
        1024,
        1036,
        1048,
        1060,
        1072,
        1084,
        1096,
        1108,
        1120,
        1132,
        1144,
        1156,
        1168,
        1180
      ]
    },
    "random": {
      "metrics": {
        "final_best": 151.53,
        "auc": 151.53000000000003,
        "top_k_recall": {
          "10": 0.1,
          "50": 0.08,
          "100": 0.1
        },
        "n_rounds": 15,
        "n_total_evaluated": 1180
      },
      "elapsed": 0.01676797866821289,
      "best_so_far": [
        151.53,
        151.53,
        151.53,
        151.53,
        151.53,
        151.53,
        151.53,
        151.53,
        151.53,
        151.53,
        151.53,
        151.53,
        151.53,
        151.53,
        151.53,
        151.53
      ],
      "round_best": [
        0.889591152,
        0.679517774,
        1.929872719,
        1.822594816,
        1.32069882,
        3.661572151,
        2.467127211,
        1.261977154,
        1.516674527,
        1.564070074,
        1.800207723,
        2.277096668,
        1.909499462,
        0.296389243,
        1.581538259
      ],
      "n_evaluated": [
        1000,
        1012,
        1024,
        1036,
        1048,
        1060,
        1072,
        1084,
        1096,
        1108,
        1120,
        1132,
        1144,
        1156,
        1168,
        1180
      ]
    }
  }
}