{
  "config": {
    "strategies": [
      "discrete_xgb_greedy",
      "random"
    ],
    "rounds": 15,
    "batch_size": 12,
    "seed": 42,
    "n_seeds": 500,
    "subset": null,
    "kappa": 5.0,
    "xi": 0.01,
    "normalize": "copula",
    "feature_type": "lantern",
    "n_pcs": null,
    "reduction": "pls"
  },
  "results": {
    "discrete_xgb_greedy": {
      "metrics": {
        "final_best": 214.69,
        "auc": 204.29666666666662,
        "top_k_recall": {
          "10": 1.0,
          "50": 0.42,
          "100": 0.33
        },
        "n_rounds": 15,
        "n_total_evaluated": 680
      },
      "elapsed": 17.07190704345703,
      "best_so_far": [
        151.53,
        173.25,
        173.25,
        173.25,
        214.69,
        214.69,
        214.69,
        214.69,
        214.69,
        214.69,
        214.69,
        214.69,
        214.69,
        214.69,
        214.69,
        214.69
      ],
      "round_best": [
        173.25,
        4.687760163,
        4.87,
        214.69,
        8.73,
        2.996762819,
        4.207604886,
        3.362729205,
        3.714937716,
        3.552371007,
        4.472089488,
        4.463215259,
        5.651833082,
        3.844042837,
        4.313500646
      ],
      "n_evaluated": [
        500,
        512,
        524,
        536,
        548,
        560,
        572,
        584,
        596,
        608,
        620,
        632,
        644,
        656,
        668,
        680
      ]
    },
    "random": {
      "metrics": {
        "final_best": 151.53,
        "auc": 151.53000000000003,
        "top_k_recall": {
          "10": 0.4,
          "50": 0.16,
          "100": 0.11
        },
        "n_rounds": 15,
        "n_total_evaluated": 680
      },
      "elapsed": 0.01849198341369629,
      "best_so_far": [
        151.53,
        151.53,
        151.53,
        151.53,
        151.53,
        151.53,
        151.53,
        151.53,
        151.53,
        151.53,
        151.53,
        151.53,
        151.53,
        151.53,
        151.53,
        151.53
      ],
      "round_best": [
        1.281030143,
        0.694620426,
        1.472469759,
        4.470603799,
        3.349633163,
        2.131948569,
        2.95220475,
        0.816286101,
        1.99066982,
        1.95078326,
        1.786693943,
        1.853143559,
        1.474165309,
        3.552371007,
        1.85005724
      ],
      "n_evaluated": [
        500,
        512,
        524,
        536,
        548,
        560,
        572,
        584,
        596,
        608,
        620,
        632,
        644,
        656,
        668,
        680
      ]
    }
  }
}