{
  "config": {
    "strategies": [
      "discrete_xgb_greedy",
      "random"
    ],
    "rounds": 15,
    "batch_size": 12,
    "seed": 123,
    "n_seeds": 500,
    "subset": null,
    "kappa": 5.0,
    "xi": 0.01,
    "normalize": "copula",
    "feature_type": "lantern",
    "n_pcs": null,
    "reduction": "pls"
  },
  "results": {
    "discrete_xgb_greedy": {
      "metrics": {
        "final_best": 4.992373602,
        "auc": 4.992373601999998,
        "top_k_recall": {
          "10": 0.0,
          "50": 0.26,
          "100": 0.22
        },
        "n_rounds": 15,
        "n_total_evaluated": 680
      },
      "elapsed": 17.894464015960693,
      "best_so_far": [
        4.992373602,
        4.992373602,
        4.992373602,
        4.992373602,
        4.992373602,
        4.992373602,
        4.992373602,
        4.992373602,
        4.992373602,
        4.992373602,
        4.992373602,
        4.992373602,
        4.992373602,
        4.992373602,
        4.992373602,
        4.992373602
      ],
      "round_best": [
        4.544497192,
        3.159151031,
        4.165760723,
        4.172819137,
        4.329460088,
        3.85455575,
        3.362729205,
        2.697757813,
        4.461066409,
        4.687760163,
        2.055440163,
        2.376243849,
        2.255334207,
        4.665517253,
        3.673294176
      ],
      "n_evaluated": [
        500,
        512,
        524,
        536,
        548,
        560,
        572,
        584,
        596,
        608,
        620,
        632,
        644,
        656,
        668,
        680
      ]
    },
    "random": {
      "metrics": {
        "final_best": 4.992373602,
        "auc": 4.992373601999998,
        "top_k_recall": {
          "10": 0.0,
          "50": 0.08,
          "100": 0.06
        },
        "n_rounds": 15,
        "n_total_evaluated": 680
      },
      "elapsed": 0.01685810089111328,
      "best_so_far": [
        4.992373602,
        4.992373602,
        4.992373602,
        4.992373602,
        4.992373602,
        4.992373602,
        4.992373602,
        4.992373602,
        4.992373602,
        4.992373602,
        4.992373602,
        4.992373602,
        4.992373602,
        4.992373602,
        4.992373602,
        4.992373602
      ],
      "round_best": [
        0.628659629,
        0.828810511,
        0.535264083,
        1.200704374,
        1.136060186,
        4.963127253,
        4.289919611,
        1.510164637,
        1.85005724,
        2.200518126,
        3.127400177,
        1.82324933,
        1.65817704,
        1.34288773,
        1.85005724
      ],
      "n_evaluated": [
        500,
        512,
        524,
        536,
        548,
        560,
        572,
        584,
        596,
        608,
        620,
        632,
        644,
        656,
        668,
        680
      ]
    }
  }
}