{
  "config": {
    "strategies": [
      "discrete_xgb_ucb"
    ],
    "rounds": 15,
    "batch_size": 12,
    "seed": 42,
    "n_seeds": 1000,
    "subset": null,
    "kappa": 5.0,
    "xi": 0.01,
    "normalize": "copula",
    "feature_type": "lantern",
    "n_pcs": null,
    "reduction": "pls"
  },
  "results": {
    "discrete_xgb_ucb": {
      "metrics": {
        "final_best": 214.69,
        "auc": 203.1626666666666,
        "top_k_recall": {
          "10": 1.0,
          "50": 0.52,
          "100": 0.44
        },
        "n_rounds": 15,
        "n_total_evaluated": 1180
      },
      "elapsed": 49.75304985046387,
      "best_so_far": [
        151.53,
        156.24,
        173.25,
        173.25,
        214.69,
        214.69,
        214.69,
        214.69,
        214.69,
        214.69,
        214.69,
        214.69,
        214.69,
        214.69,
        214.69,
        214.69
      ],
      "round_best": [
        156.24,
        173.25,
        2.060485326,
        214.69,
        2.203144462,
        4.687760163,
        4.026775697,
        2.597894559,
        2.672694608,
        3.891100547,
        4.148872257,
        4.313500646,
        4.273788993,
        4.544497192,
        5.201422
      ],
      "n_evaluated": [
        1000,
        1012,
        1024,
        1036,
        1048,
        1060,
        1072,
        1084,
        1096,
        1108,
        1120,
        1132,
        1144,
        1156,
        1168,
        1180
      ]
    }
  }
}