{
  "config": {
    "strategies": [
      "discrete_xgb_ucb"
    ],
    "rounds": 15,
    "batch_size": 12,
    "seed": 789,
    "n_seeds": 500,
    "subset": null,
    "kappa": 5.0,
    "xi": 0.01,
    "normalize": "copula",
    "feature_type": "lantern",
    "n_pcs": null,
    "reduction": "pls"
  },
  "results": {
    "discrete_xgb_ucb": {
      "metrics": {
        "final_best": 5.201422,
        "auc": 4.7890580310666655,
        "top_k_recall": {
          "10": 0.0,
          "50": 0.1,
          "100": 0.18
        },
        "n_rounds": 15,
        "n_total_evaluated": 680
      },
      "elapsed": 43.1467490196228,
      "best_so_far": [
        3.969856904,
        3.991554574,
        4.329460088,
        4.329460088,
        4.329460088,
        4.329460088,
        4.329460088,
        5.201422,
        5.201422,
        5.201422,
        5.201422,
        5.201422,
        5.201422,
        5.201422,
        5.201422,
        5.201422
      ],
      "round_best": [
        3.991554574,
        4.329460088,
        2.996762819,
        4.020740553,
        3.694621139,
        4.026775697,
        5.201422,
        2.95220475,
        1.667863904,
        3.055411551,
        3.364189095,
        2.302601654,
        3.714937716,
        1.923354447,
        2.121265631
      ],
      "n_evaluated": [
        500,
        512,
        524,
        536,
        548,
        560,
        572,
        584,
        596,
        608,
        620,
        632,
        644,
        656,
        668,
        680
      ]
    }
  }
}