{
  "config": {
    "strategies": [
      "discrete_xgb_greedy",
      "random"
    ],
    "rounds": 15,
    "batch_size": 12,
    "seed": 2024,
    "n_seeds": 500,
    "subset": null,
    "kappa": 5.0,
    "xi": 0.01,
    "normalize": "copula",
    "feature_type": "lantern",
    "n_pcs": null,
    "reduction": "pls"
  },
  "results": {
    "discrete_xgb_greedy": {
      "metrics": {
        "final_best": 5.201422,
        "auc": 5.077077092766666,
        "top_k_recall": {
          "10": 0.0,
          "50": 0.04,
          "100": 0.12
        },
        "n_rounds": 15,
        "n_total_evaluated": 680
      },
      "elapsed": 18.346075296401978,
      "best_so_far": [
        3.820367389,
        4.026775697,
        5.201422,
        5.201422,
        5.201422,
        5.201422,
        5.201422,
        5.201422,
        5.201422,
        5.201422,
        5.201422,
        5.201422,
        5.201422,
        5.201422,
        5.201422,
        5.201422
      ],
      "round_best": [
        4.026775697,
        5.201422,
        2.588247783,
        3.694621139,
        3.055411551,
        1.961406799,
        2.778658505,
        2.652444137,
        2.346386683,
        1.880452928,
        3.076099266,
        3.724757028,
        3.486433466,
        2.506547886,
        3.752938486
      ],
      "n_evaluated": [
        500,
        512,
        524,
        536,
        548,
        560,
        572,
        584,
        596,
        608,
        620,
        632,
        644,
        656,
        668,
        680
      ]
    },
    "random": {
      "metrics": {
        "final_best": 8.73,
        "auc": 6.602492535233334,
        "top_k_recall": {
          "10": 0.1,
          "50": 0.02,
          "100": 0.03
        },
        "n_rounds": 15,
        "n_total_evaluated": 680
      },
      "elapsed": 0.017368793487548828,
      "best_so_far": [
        3.820367389,
        3.820367389,
        3.820367389,
        3.820367389,
        3.820367389,
        3.820367389,
        3.820367389,
        8.73,
        8.73,
        8.73,
        8.73,
        8.73,
        8.73,
        8.73,
        8.73,
        8.73
      ],
      "round_best": [
        2.520220111,
        0.936428061,
        1.85005724,
        2.463309074,
        2.271613068,
        2.489067961,
        8.73,
        0.951044248,
        0.865847152,
        1.737175056,
        3.159151031,
        0.923040025,
        -0.16034665,
        3.349633163,
        2.556162883
      ],
      "n_evaluated": [
        500,
        512,
        524,
        536,
        548,
        560,
        572,
        584,
        596,
        608,
        620,
        632,
        644,
        656,
        668,
        680
      ]
    }
  }
}