{
  "config": {
    "strategies": [
      "discrete_xgb_greedy",
      "random"
    ],
    "rounds": 15,
    "batch_size": 12,
    "seed": 42,
    "n_seeds": 1000,
    "subset": null,
    "kappa": 5.0,
    "xi": 0.01,
    "normalize": "copula",
    "feature_type": "lantern",
    "n_pcs": null,
    "reduction": "pls"
  },
  "results": {
    "discrete_xgb_greedy": {
      "metrics": {
        "final_best": 173.25,
        "auc": 172.526,
        "top_k_recall": {
          "10": 0.9,
          "50": 0.36,
          "100": 0.33
        },
        "n_rounds": 15,
        "n_total_evaluated": 1180
      },
      "elapsed": 16.471821069717407,
      "best_so_far": [
        151.53,
        173.25,
        173.25,
        173.25,
        173.25,
        173.25,
        173.25,
        173.25,
        173.25,
        173.25,
        173.25,
        173.25,
        173.25,
        173.25,
        173.25,
        173.25
      ],
      "round_best": [
        173.25,
        2.554332042,
        4.687760163,
        3.486433466,
        2.964341689,
        3.85455575,
        3.991554574,
        4.207604886,
        4.992373602,
        4.026775697,
        1.85005724,
        3.863978025,
        4.135759959,
        3.844042837,
        3.635545379
      ],
      "n_evaluated": [
        1000,
        1012,
        1024,
        1036,
        1048,
        1060,
        1072,
        1084,
        1096,
        1108,
        1120,
        1132,
        1144,
        1156,
        1168,
        1180
      ]
    },
    "random": {
      "metrics": {
        "final_best": 151.53,
        "auc": 151.53000000000003,
        "top_k_recall": {
          "10": 0.4,
          "50": 0.2,
          "100": 0.15
        },
        "n_rounds": 15,
        "n_total_evaluated": 1180
      },
      "elapsed": 0.018381118774414062,
      "best_so_far": [
        151.53,
        151.53,
        151.53,
        151.53,
        151.53,
        151.53,
        151.53,
        151.53,
        151.53,
        151.53,
        151.53,
        151.53,
        151.53,
        151.53,
        151.53,
        151.53
      ],
      "round_best": [
        3.376651663,
        2.881478059,
        1.325952472,
        4.246732306,
        1.286791213,
        1.581538259,
        1.856347967,
        1.85005724,
        3.53023246,
        3.462880392,
        2.95220475,
        1.581538259,
        0.997902185,
        1.369710724,
        1.469962359
      ],
      "n_evaluated": [
        1000,
        1012,
        1024,
        1036,
        1048,
        1060,
        1072,
        1084,
        1096,
        1108,
        1120,
        1132,
        1144,
        1156,
        1168,
        1180
      ]
    }
  }
}