{
  "config": {
    "strategies": [
      "discrete_xgb_ucb"
    ],
    "rounds": 15,
    "batch_size": 12,
    "seed": 2024,
    "n_seeds": 1000,
    "subset": null,
    "kappa": 5.0,
    "xi": 0.01,
    "normalize": "copula",
    "feature_type": "lantern",
    "n_pcs": null,
    "reduction": "pls"
  },
  "results": {
    "discrete_xgb_ucb": {
      "metrics": {
        "final_best": 214.69,
        "auc": 214.68999999999994,
        "top_k_recall": {
          "10": 0.1,
          "50": 0.06,
          "100": 0.18
        },
        "n_rounds": 15,
        "n_total_evaluated": 1180
      },
      "elapsed": 44.089287996292114,
      "best_so_far": [
        214.69,
        214.69,
        214.69,
        214.69,
        214.69,
        214.69,
        214.69,
        214.69,
        214.69,
        214.69,
        214.69,
        214.69,
        214.69,
        214.69,
        214.69,
        214.69
      ],
      "round_best": [
        3.991554574,
        4.026775697,
        3.694621139,
        2.964341689,
        3.737306236,
        3.238527693,
        3.613084198,
        3.166827526,
        3.159151031,
        2.46421997,
        3.076099266,
        3.844042837,
        5.201422,
        3.546299668,
        3.635545379
      ],
      "n_evaluated": [
        1000,
        1012,
        1024,
        1036,
        1048,
        1060,
        1072,
        1084,
        1096,
        1108,
        1120,
        1132,
        1144,
        1156,
        1168,
        1180
      ]
    }
  }
}