{
  "config": {
    "strategies": [
      "discrete_xgb_ucb"
    ],
    "rounds": 15,
    "batch_size": 12,
    "seed": 456,
    "n_seeds": 1000,
    "subset": null,
    "kappa": 5.0,
    "xi": 0.01,
    "normalize": "copula",
    "feature_type": "lantern",
    "n_pcs": null,
    "reduction": "pls"
  },
  "results": {
    "discrete_xgb_ucb": {
      "metrics": {
        "final_best": 214.69,
        "auc": 209.82199999999995,
        "top_k_recall": {
          "10": 0.9,
          "50": 0.36,
          "100": 0.33
        },
        "n_rounds": 15,
        "n_total_evaluated": 1180
      },
      "elapsed": 50.64629507064819,
      "best_so_far": [
        151.53,
        173.25,
        214.69,
        214.69,
        214.69,
        214.69,
        214.69,
        214.69,
        214.69,
        214.69,
        214.69,
        214.69,
        214.69,
        214.69,
        214.69,
        214.69
      ],
      "round_best": [
        173.25,
        214.69,
        143.69,
        4.165760723,
        3.588153592,
        2.316975098,
        3.724757028,
        4.172819137,
        2.455779717,
        4.329460088,
        4.020740553,
        3.991554574,
        3.364189095,
        3.006878559,
        2.827834123
      ],
      "n_evaluated": [
        1000,
        1012,
        1024,
        1036,
        1048,
        1060,
        1072,
        1084,
        1096,
        1108,
        1120,
        1132,
        1144,
        1156,
        1168,
        1180
      ]
    }
  }
}