{
  "config": {
    "strategies": [
      "discrete_xgb_ucb"
    ],
    "rounds": 15,
    "batch_size": 12,
    "seed": 2024,
    "n_seeds": 500,
    "subset": null,
    "kappa": 5.0,
    "xi": 0.01,
    "normalize": "copula",
    "feature_type": "lantern",
    "n_pcs": null,
    "reduction": "pls"
  },
  "results": {
    "discrete_xgb_ucb": {
      "metrics": {
        "final_best": 5.201422,
        "auc": 4.985006785366665,
        "top_k_recall": {
          "10": 0.0,
          "50": 0.06,
          "100": 0.18
        },
        "n_rounds": 15,
        "n_total_evaluated": 680
      },
      "elapsed": 38.948046922683716,
      "best_so_far": [
        3.820367389,
        3.820367389,
        4.026775697,
        5.201422,
        5.201422,
        5.201422,
        5.201422,
        5.201422,
        5.201422,
        5.201422,
        5.201422,
        5.201422,
        5.201422,
        5.201422,
        5.201422,
        5.201422
      ],
      "round_best": [
        3.737306236,
        4.026775697,
        5.201422,
        3.694621139,
        3.629458615,
        3.752938486,
        2.672694608,
        3.159151031,
        2.316975098,
        4.463215259,
        2.131948569,
        4.472089488,
        2.544416933,
        3.714937716,
        2.092888747
      ],
      "n_evaluated": [
        500,
        512,
        524,
        536,
        548,
        560,
        572,
        584,
        596,
        608,
        620,
        632,
        644,
        656,
        668,
        680
      ]
    }
  }
}