{
  "config": {
    "strategies": [
      "discrete_xgb_greedy",
      "random"
    ],
    "rounds": 15,
    "batch_size": 12,
    "seed": 789,
    "n_seeds": 500,
    "subset": null,
    "kappa": 5.0,
    "xi": 0.01,
    "normalize": "copula",
    "feature_type": "lantern",
    "n_pcs": null,
    "reduction": "pls"
  },
  "results": {
    "discrete_xgb_greedy": {
      "metrics": {
        "final_best": 5.201422,
        "auc": 4.614665648666667,
        "top_k_recall": {
          "10": 0.0,
          "50": 0.08,
          "100": 0.19
        },
        "n_rounds": 15,
        "n_total_evaluated": 680
      },
      "elapsed": 18.289029121398926,
      "best_so_far": [
        3.969856904,
        3.991554574,
        4.329460088,
        4.329460088,
        4.329460088,
        4.329460088,
        4.329460088,
        4.329460088,
        4.329460088,
        4.329460088,
        5.201422,
        5.201422,
        5.201422,
        5.201422,
        5.201422,
        5.201422
      ],
      "round_best": [
        3.991554574,
        4.329460088,
        4.172819137,
        4.165760723,
        3.821152267,
        3.909457695,
        3.71723523,
        2.95220475,
        3.893474228,
        5.201422,
        2.318392399,
        2.95220475,
        2.529878534,
        3.711520803,
        2.455779717
      ],
      "n_evaluated": [
        500,
        512,
        524,
        536,
        548,
        560,
        572,
        584,
        596,
        608,
        620,
        632,
        644,
        656,
        668,
        680
      ]
    },
    "random": {
      "metrics": {
        "final_best": 4.200415843,
        "auc": 3.9775422019666666,
        "top_k_recall": {
          "10": 0.0,
          "50": 0.02,
          "100": 0.04
        },
        "n_rounds": 15,
        "n_total_evaluated": 680
      },
      "elapsed": 0.01712203025817871,
      "best_so_far": [
        3.969856904,
        3.969856904,
        3.969856904,
        3.969856904,
        3.969856904,
        3.969856904,
        3.969856904,
        3.969856904,
        3.969856904,
        3.969856904,
        3.969856904,
        3.969856904,
        3.969856904,
        3.969856904,
        3.969856904,
        4.200415843
      ],
      "round_best": [
        2.131948569,
        1.85005724,
        1.101673503,
        1.280043528,
        2.131213857,
        1.775434945,
        1.663039846,
        3.536405114,
        0.947192922,
        1.707074955,
        1.857466778,
        2.226891737,
        3.277323412,
        0.979579324,
        4.200415843
      ],
      "n_evaluated": [
        500,
        512,
        524,
        536,
        548,
        560,
        572,
        584,
        596,
        608,
        620,
        632,
        644,
        656,
        668,
        680
      ]
    }
  }
}