{
  "config": {
    "strategies": [
      "discrete_xgb_greedy",
      "random"
    ],
    "rounds": 15,
    "batch_size": 12,
    "seed": 123,
    "n_seeds": 1000,
    "subset": null,
    "kappa": 5.0,
    "xi": 0.01,
    "normalize": "copula",
    "feature_type": "lantern",
    "n_pcs": null,
    "reduction": "pls"
  },
  "results": {
    "discrete_xgb_greedy": {
      "metrics": {
        "final_best": 5.204579094,
        "auc": 5.204579093999998,
        "top_k_recall": {
          "10": 0.0,
          "50": 0.2,
          "100": 0.24
        },
        "n_rounds": 15,
        "n_total_evaluated": 1180
      },
      "elapsed": 16.314603090286255,
      "best_so_far": [
        5.204579094,
        5.204579094,
        5.204579094,
        5.204579094,
        5.204579094,
        5.204579094,
        5.204579094,
        5.204579094,
        5.204579094,
        5.204579094,
        5.204579094,
        5.204579094,
        5.204579094,
        5.204579094,
        5.204579094,
        5.204579094
      ],
      "round_best": [
        4.313500646,
        2.672694608,
        4.329460088,
        3.752938486,
        4.026775697,
        3.673294176,
        1.923354447,
        3.991554574,
        4.172819137,
        2.964341689,
        4.020740553,
        4.289919611,
        3.9498073,
        3.159151031,
        2.557821526
      ],
      "n_evaluated": [
        1000,
        1012,
        1024,
        1036,
        1048,
        1060,
        1072,
        1084,
        1096,
        1108,
        1120,
        1132,
        1144,
        1156,
        1168,
        1180
      ]
    },
    "random": {
      "metrics": {
        "final_best": 5.204579094,
        "auc": 5.204579093999998,
        "top_k_recall": {
          "10": 0.0,
          "50": 0.08,
          "100": 0.06
        },
        "n_rounds": 15,
        "n_total_evaluated": 1180
      },
      "elapsed": 0.017508983612060547,
      "best_so_far": [
        5.204579094,
        5.204579094,
        5.204579094,
        5.204579094,
        5.204579094,
        5.204579094,
        5.204579094,
        5.204579094,
        5.204579094,
        5.204579094,
        5.204579094,
        5.204579094,
        5.204579094,
        5.204579094,
        5.204579094,
        5.204579094
      ],
      "round_best": [
        0.461361451,
        1.333993079,
        1.424555858,
        1.400388659,
        1.0045595,
        1.1974625,
        1.269729045,
        1.432011844,
        1.174276895,
        2.801083031,
        1.333993079,
        1.929872719,
        1.989962106,
        2.470309509,
        0.725867478
      ],
      "n_evaluated": [
        1000,
        1012,
        1024,
        1036,
        1048,
        1060,
        1072,
        1084,
        1096,
        1108,
        1120,
        1132,
        1144,
        1156,
        1168,
        1180
      ]
    }
  }
}