{
  "config": {
    "strategies": [
      "discrete_xgb_greedy",
      "random"
    ],
    "rounds": 15,
    "batch_size": 12,
    "seed": 2024,
    "n_seeds": 1000,
    "subset": null,
    "kappa": 5.0,
    "xi": 0.01,
    "normalize": "copula",
    "feature_type": "lantern",
    "n_pcs": null,
    "reduction": "pls"
  },
  "results": {
    "discrete_xgb_greedy": {
      "metrics": {
        "final_best": 214.69,
        "auc": 214.68999999999994,
        "top_k_recall": {
          "10": 0.1,
          "50": 0.26,
          "100": 0.34
        },
        "n_rounds": 15,
        "n_total_evaluated": 1180
      },
      "elapsed": 16.9661808013916,
      "best_so_far": [
        214.69,
        214.69,
        214.69,
        214.69,
        214.69,
        214.69,
        214.69,
        214.69,
        214.69,
        214.69,
        214.69,
        214.69,
        214.69,
        214.69,
        214.69,
        214.69
      ],
      "round_best": [
        4.020740553,
        3.85455575,
        4.026775697,
        3.694621139,
        3.844042837,
        3.635545379,
        3.364189095,
        3.9498073,
        4.289919611,
        4.992373602,
        4.148872257,
        3.891100547,
        4.313500646,
        4.544497192,
        4.221889374
      ],
      "n_evaluated": [
        1000,
        1012,
        1024,
        1036,
        1048,
        1060,
        1072,
        1084,
        1096,
        1108,
        1120,
        1132,
        1144,
        1156,
        1168,
        1180
      ]
    },
    "random": {
      "metrics": {
        "final_best": 214.69,
        "auc": 214.68999999999994,
        "top_k_recall": {
          "10": 0.1,
          "50": 0.06,
          "100": 0.06
        },
        "n_rounds": 15,
        "n_total_evaluated": 1180
      },
      "elapsed": 0.017538070678710938,
      "best_so_far": [
        214.69,
        214.69,
        214.69,
        214.69,
        214.69,
        214.69,
        214.69,
        214.69,
        214.69,
        214.69,
        214.69,
        214.69,
        214.69,
        214.69,
        214.69,
        214.69
      ],
      "round_best": [
        2.32785952,
        1.60161182,
        2.463309074,
        2.052901727,
        1.17371704,
        1.929147105,
        1.246070396,
        0.967657193,
        2.506547886,
        1.85005724,
        1.19868455,
        1.523297897,
        4.135759959,
        1.581538259,
        2.082646065
      ],
      "n_evaluated": [
        1000,
        1012,
        1024,
        1036,
        1048,
        1060,
        1072,
        1084,
        1096,
        1108,
        1120,
        1132,
        1144,
        1156,
        1168,
        1180
      ]
    }
  }
}