{
  "config": {
    "strategies": [
      "discrete_xgb_ucb"
    ],
    "rounds": 15,
    "batch_size": 12,
    "seed": 42,
    "n_seeds": 500,
    "subset": null,
    "kappa": 5.0,
    "xi": 0.01,
    "normalize": "copula",
    "feature_type": "lantern",
    "n_pcs": null,
    "reduction": "pls"
  },
  "results": {
    "discrete_xgb_ucb": {
      "metrics": {
        "final_best": 214.69,
        "auc": 204.29666666666662,
        "top_k_recall": {
          "10": 1.0,
          "50": 0.34,
          "100": 0.24
        },
        "n_rounds": 15,
        "n_total_evaluated": 680
      },
      "elapsed": 46.14226794242859,
      "best_so_far": [
        151.53,
        173.25,
        173.25,
        173.25,
        214.69,
        214.69,
        214.69,
        214.69,
        214.69,
        214.69,
        214.69,
        214.69,
        214.69,
        214.69,
        214.69,
        214.69
      ],
      "round_best": [
        173.25,
        4.687760163,
        5.651833082,
        214.69,
        8.73,
        3.85455575,
        4.207604886,
        2.324919859,
        3.362729205,
        3.364189095,
        1.407799765,
        3.277323412,
        2.967741495,
        1.483699185,
        2.085099125
      ],
      "n_evaluated": [
        500,
        512,
        524,
        536,
        548,
        560,
        572,
        584,
        596,
        608,
        620,
        632,
        644,
        656,
        668,
        680
      ]
    }
  }
}