{
  "config": {
    "strategies": [
      "random",
      "discrete_xgb_greedy"
    ],
    "rounds": 3,
    "batch_size": 12,
    "seed": 42,
    "n_seeds": 200,
    "subset": 1000,
    "kappa": 5.0,
    "xi": 0.01,
    "normalize": "copula",
    "feature_type": "lantern",
    "n_pcs": null,
    "reduction": "pca"
  },
  "results": {
    "random": {
      "metrics": {
        "final_best": 3.376651663,
        "auc": 3.1290648610000003,
        "top_k_recall": {
          "10": 0.1,
          "50": 0.22,
          "100": 0.29
        },
        "n_rounds": 3,
        "n_total_evaluated": 236
      },
      "elapsed": 0.0010182857513427734,
      "best_so_far": [
        2.881478059,
        2.881478059,
        3.376651663,
        3.376651663
      ],
      "round_best": [
        1.69012285,
        3.376651663,
        2.433669281
      ],
      "n_evaluated": [
        200,
        212,
        224,
        236
      ]
    },
    "discrete_xgb_greedy": {
      "metrics": {
        "final_best": 4.313500646,
        "auc": 3.608855567833333,
        "top_k_recall": {
          "10": 0.2,
          "50": 0.32,
          "100": 0.34
        },
        "n_rounds": 3,
        "n_total_evaluated": 236
      },
      "elapsed": 0.5735609531402588,
      "best_so_far": [
        2.881478059,
        2.915576705,
        4.313500646,
        4.313500646
      ],
      "round_best": [
        2.915576705,
        4.313500646,
        2.433669281
      ],
      "n_evaluated": [
        200,
        212,
        224,
        236
      ]
    }
  }
}