{
  "config": {
    "strategies": [
      "discrete_rf_ts",
      "discrete_xgb_greedy"
    ],
    "rounds": 15,
    "batch_size": 12,
    "seed": 456,
    "n_seeds": 100,
    "subset": 5000,
    "kappa": 5.0,
    "xi": 0.01,
    "normalize": "copula"
  },
  "results": {
    "discrete_rf_ts": {
      "metrics": {
        "final_best": 156.24,
        "auc": 48.99528182863333,
        "top_k_recall": {
          "10": 0.4,
          "50": 0.14,
          "100": 0.12
        },
        "n_rounds": 15,
        "n_total_evaluated": 280
      },
      "elapsed": 1.7457590103149414,
      "best_so_far": [
        2.176469539,
        3.076099266,
        3.076099266,
        3.076099266,
        3.076099266,
        3.076099266,
        3.076099266,
        3.076099266,
        3.076099266,
        3.076099266,
        3.076099266,
        156.24,
        156.24,
        156.24,
        156.24,
        156.24
      ],
      "round_best": [
        3.076099266,
        2.131948569,
        1.896378149,
        2.378635461,
        3.055411551,
        1.371802708,
        1.276477963,
        1.450229332,
        1.85005724,
        1.934422175,
        156.24,
        1.622828034,
        2.915576705,
        2.260772113,
        4.329460088
      ],
      "n_evaluated": [
        100,
        112,
        124,
        136,
        148,
        160,
        172,
        184,
        196,
        208,
        220,
        232,
        244,
        256,
        268,
        280
      ]
    },
    "discrete_xgb_greedy": {
      "metrics": {
        "final_best": 156.24,
        "auc": 79.50121544016669,
        "top_k_recall": {
          "10": 0.2,
          "50": 0.06,
          "100": 0.05
        },
        "n_rounds": 15,
        "n_total_evaluated": 280
      },
      "elapsed": 3.9229979515075684,
      "best_so_far": [
        2.176469539,
        2.176469539,
        2.176469539,
        3.055411551,
        3.055411551,
        3.055411551,
        3.055411551,
        3.055411551,
        156.24,
        156.24,
        156.24,
        156.24,
        156.24,
        156.24,
        156.24,
        156.24
      ],
      "round_best": [
        1.896378149,
        1.909499462,
        3.055411551,
        1.472451341,
        1.85005724,
        1.663656307,
        1.648947925,
        156.24,
        1.622828034,
        1.095484774,
        1.167935787,
        2.067897218,
        1.85005724,
        1.69783926,
        1.581538259
      ],
      "n_evaluated": [
        100,
        112,
        124,
        136,
        148,
        160,
        172,
        184,
        196,
        208,
        220,
        232,
        244,
        256,
        268,
        280
      ]
    }
  }
}