{
  "config": {
    "strategies": [
      "discrete_rf_ts",
      "discrete_xgb_greedy"
    ],
    "rounds": 15,
    "batch_size": 12,
    "seed": 789,
    "n_seeds": 100,
    "subset": 5000,
    "kappa": 5.0,
    "xi": 0.01,
    "normalize": "copula"
  },
  "results": {
    "discrete_rf_ts": {
      "metrics": {
        "final_best": 3.691088335,
        "auc": 3.6823571092,
        "top_k_recall": {
          "10": 0.0,
          "50": 0.14,
          "100": 0.09
        },
        "n_rounds": 15,
        "n_total_evaluated": 280
      },
      "elapsed": 1.7043819427490234,
      "best_so_far": [
        3.667275901,
        3.667275901,
        3.667275901,
        3.667275901,
        3.667275901,
        3.667275901,
        3.691088335,
        3.691088335,
        3.691088335,
        3.691088335,
        3.691088335,
        3.691088335,
        3.691088335,
        3.691088335,
        3.691088335,
        3.691088335
      ],
      "round_best": [
        1.439704079,
        3.348577114,
        1.469962359,
        2.327221967,
        1.431590428,
        3.691088335,
        1.85005724,
        1.703433779,
        2.703256323,
        1.588639326,
        3.127629079,
        1.45777507,
        0.92970566,
        1.633939788,
        3.416282483
      ],
      "n_evaluated": [
        100,
        112,
        124,
        136,
        148,
        160,
        172,
        184,
        196,
        208,
        220,
        232,
        244,
        256,
        268,
        280
      ]
    },
    "discrete_xgb_greedy": {
      "metrics": {
        "final_best": 4.221889374,
        "auc": 4.055505332099999,
        "top_k_recall": {
          "10": 0.0,
          "50": 0.04,
          "100": 0.06
        },
        "n_rounds": 15,
        "n_total_evaluated": 280
      },
      "elapsed": 4.231539964675903,
      "best_so_far": [
        3.667275901,
        3.667275901,
        3.667275901,
        3.667275901,
        3.667275901,
        4.221889374,
        4.221889374,
        4.221889374,
        4.221889374,
        4.221889374,
        4.221889374,
        4.221889374,
        4.221889374,
        4.221889374,
        4.221889374,
        4.221889374
      ],
      "round_best": [
        0.637522117,
        1.85005724,
        1.358750209,
        2.716064439,
        4.221889374,
        1.836933296,
        2.489067961,
        1.660721888,
        1.808493933,
        1.822594816,
        1.975769688,
        1.925427301,
        1.889447803,
        1.941288558,
        2.255334207
      ],
      "n_evaluated": [
        100,
        112,
        124,
        136,
        148,
        160,
        172,
        184,
        196,
        208,
        220,
        232,
        244,
        256,
        268,
        280
      ]
    }
  }
}