{
  "config": {
    "strategies": [
      "discrete_rf_ts",
      "discrete_xgb_greedy",
      "discrete_rf_ucb",
      "random"
    ],
    "rounds": 15,
    "batch_size": 12,
    "seed": 42,
    "n_seeds": 100,
    "subset": 5000,
    "kappa": 5.0,
    "xi": 0.01,
    "normalize": "copula"
  },
  "results": {
    "discrete_rf_ts": {
      "metrics": {
        "final_best": 5.204579094,
        "auc": 3.7785373944000007,
        "top_k_recall": {
          "10": 0.1,
          "50": 0.08,
          "100": 0.07
        },
        "n_rounds": 15,
        "n_total_evaluated": 280
      },
      "elapsed": 1.4636342525482178,
      "best_so_far": [
        2.35010035,
        2.35010035,
        3.737306236,
        3.737306236,
        3.737306236,
        3.737306236,
        3.737306236,
        3.737306236,
        3.820367389,
        3.820367389,
        3.820367389,
        3.820367389,
        3.820367389,
        3.820367389,
        5.204579094,
        5.204579094
      ],
      "round_best": [
        0.876768524,
        3.737306236,
        1.302577241,
        3.188261707,
        -0.0127619811819848,
        0.816286101,
        0.931639951,
        3.820367389,
        1.482599899,
        1.85005724,
        2.437550205,
        2.2989406182618,
        1.75569846,
        5.204579094,
        0.909417655
      ],
      "n_evaluated": [
        100,
        112,
        124,
        136,
        148,
        160,
        172,
        184,
        196,
        208,
        220,
        232,
        244,
        256,
        268,
        280
      ]
    },
    "discrete_xgb_greedy": {
      "metrics": {
        "final_best": 2.35010035,
        "auc": 2.3501003500000004,
        "top_k_recall": {
          "10": 0.0,
          "50": 0.0,
          "100": 0.01
        },
        "n_rounds": 15,
        "n_total_evaluated": 280
      },
      "elapsed": 2.8580589294433594,
      "best_so_far": [
        2.35010035,
        2.35010035,
        2.35010035,
        2.35010035,
        2.35010035,
        2.35010035,
        2.35010035,
        2.35010035,
        2.35010035,
        2.35010035,
        2.35010035,
        2.35010035,
        2.35010035,
        2.35010035,
        2.35010035,
        2.35010035
      ],
      "round_best": [
        1.302577241,
        0.477611216,
        2.268611049,
        1.745529811,
        1.592616945,
        1.39418971,
        2.268611049,
        1.85005724,
        1.952411924,
        1.889447803,
        1.664575941,
        1.85005724,
        1.345236906,
        2.15610697,
        1.412719456
      ],
      "n_evaluated": [
        100,
        112,
        124,
        136,
        148,
        160,
        172,
        184,
        196,
        208,
        220,
        232,
        244,
        256,
        268,
        280
      ]
    },
    "discrete_rf_ucb": {
      "metrics": {
        "final_best": 2.920253549,
        "auc": 2.4313693791,
        "top_k_recall": {
          "10": 0.0,
          "50": 0.02,
          "100": 0.03
        },
        "n_rounds": 15,
        "n_total_evaluated": 280
      },
      "elapsed": 2.107384204864502,
      "best_so_far": [
        2.35010035,
        2.35010035,
        2.35010035,
        2.35010035,
        2.35010035,
        2.35010035,
        2.35010035,
        2.402072584,
        2.402072584,
        2.402072584,
        2.402072584,
        2.402072584,
        2.402072584,
        2.402072584,
        2.920253549,
        2.920253549
      ],
      "round_best": [
        0.655342317,
        1.302577241,
        1.85005724,
        1.85005724,
        1.731962226,
        1.784377719,
        2.402072584,
        1.115888599,
        1.406878814,
        2.164731449,
        1.581538259,
        1.581538259,
        1.888668072,
        2.920253549,
        1.888668072
      ],
      "n_evaluated": [
        100,
        112,
        124,
        136,
        148,
        160,
        172,
        184,
        196,
        208,
        220,
        232,
        244,
        256,
        268,
        280
      ]
    },
    "random": {
      "metrics": {
        "final_best": 214.69,
        "auc": 80.99051205026664,
        "top_k_recall": {
          "10": 0.2,
          "50": 0.08,
          "100": 0.08
        },
        "n_rounds": 15,
        "n_total_evaluated": 280
      },
      "elapsed": 0.004027128219604492,
      "best_so_far": [
        2.35010035,
        2.35010035,
        2.35010035,
        4.026775697,
        4.026775697,
        4.026775697,
        4.026775697,
        4.026775697,
        4.026775697,
        4.026775697,
        214.69,
        214.69,
        214.69,
        214.69,
        214.69,
        214.69
      ],
      "round_best": [
        1.95078326,
        2.27544837,
        4.026775697,
        1.647324998,
        2.405467418,
        1.532208977,
        1.794867128,
        1.359229835,
        0.915134376,
        214.69,
        1.85005724,
        2.95220475,
        2.001818663,
        1.337030129,
        1.564070074
      ],
      "n_evaluated": [
        100,
        112,
        124,
        136,
        148,
        160,
        172,
        184,
        196,
        208,
        220,
        232,
        244,
        256,
        268,
        280
      ]
    }
  }
}