{
  "config": {
    "strategies": [
      "discrete_rf_ts",
      "discrete_xgb_greedy"
    ],
    "rounds": 15,
    "batch_size": 12,
    "seed": 42,
    "n_seeds": 100,
    "subset": 5000,
    "kappa": 5.0,
    "xi": 0.01,
    "normalize": "copula"
  },
  "results": {
    "discrete_rf_ts": {
      "metrics": {
        "final_best": 5.204579094,
        "auc": 3.7785373944000007,
        "top_k_recall": {
          "10": 0.1,
          "50": 0.08,
          "100": 0.07
        },
        "n_rounds": 15,
        "n_total_evaluated": 280
      },
      "elapsed": 1.431380033493042,
      "best_so_far": [
        2.35010035,
        2.35010035,
        3.737306236,
        3.737306236,
        3.737306236,
        3.737306236,
        3.737306236,
        3.737306236,
        3.820367389,
        3.820367389,
        3.820367389,
        3.820367389,
        3.820367389,
        3.820367389,
        5.204579094,
        5.204579094
      ],
      "round_best": [
        0.876768524,
        3.737306236,
        1.302577241,
        3.188261707,
        -0.0127619811819848,
        0.816286101,
        0.931639951,
        3.820367389,
        1.482599899,
        1.85005724,
        2.437550205,
        2.2989406182618,
        1.75569846,
        5.204579094,
        0.909417655
      ],
      "n_evaluated": [
        100,
        112,
        124,
        136,
        148,
        160,
        172,
        184,
        196,
        208,
        220,
        232,
        244,
        256,
        268,
        280
      ]
    },
    "discrete_xgb_greedy": {
      "metrics": {
        "final_best": 2.35010035,
        "auc": 2.3501003500000004,
        "top_k_recall": {
          "10": 0.0,
          "50": 0.0,
          "100": 0.01
        },
        "n_rounds": 15,
        "n_total_evaluated": 280
      },
      "elapsed": 2.635761022567749,
      "best_so_far": [
        2.35010035,
        2.35010035,
        2.35010035,
        2.35010035,
        2.35010035,
        2.35010035,
        2.35010035,
        2.35010035,
        2.35010035,
        2.35010035,
        2.35010035,
        2.35010035,
        2.35010035,
        2.35010035,
        2.35010035,
        2.35010035
      ],
      "round_best": [
        1.302577241,
        0.477611216,
        2.268611049,
        1.745529811,
        1.592616945,
        1.39418971,
        2.268611049,
        1.85005724,
        1.952411924,
        1.889447803,
        1.664575941,
        1.85005724,
        1.345236906,
        2.15610697,
        1.412719456
      ],
      "n_evaluated": [
        100,
        112,
        124,
        136,
        148,
        160,
        172,
        184,
        196,
        208,
        220,
        232,
        244,
        256,
        268,
        280
      ]
    }
  }
}