{
  "config": {
    "strategies": [
      "discrete_rf_ts",
      "discrete_xgb_greedy"
    ],
    "rounds": 15,
    "batch_size": 12,
    "seed": 2024,
    "n_seeds": 100,
    "subset": 5000,
    "kappa": 5.0,
    "xi": 0.01,
    "normalize": "copula"
  },
  "results": {
    "discrete_rf_ts": {
      "metrics": {
        "final_best": 156.24,
        "auc": 150.55243613993338,
        "top_k_recall": {
          "10": 0.4,
          "50": 0.16,
          "100": 0.13
        },
        "n_rounds": 15,
        "n_total_evaluated": 280
      },
      "elapsed": 3.0783329010009766,
      "best_so_far": [
        3.613084198,
        151.74,
        151.74,
        156.24,
        156.24,
        156.24,
        156.24,
        156.24,
        156.24,
        156.24,
        156.24,
        156.24,
        156.24,
        156.24,
        156.24,
        156.24
      ],
      "round_best": [
        151.74,
        1.608387259,
        156.24,
        151.53,
        1.667493322,
        1.4769139,
        1.69012285,
        1.315022683,
        2.132076389,
        1.605840856,
        0.547907463,
        2.864530058,
        3.534575768,
        2.157377979,
        1.186411392
      ],
      "n_evaluated": [
        100,
        112,
        124,
        136,
        148,
        160,
        172,
        184,
        196,
        208,
        220,
        232,
        244,
        256,
        268,
        280
      ]
    },
    "discrete_xgb_greedy": {
      "metrics": {
        "final_best": 4.544497192,
        "auc": 4.359452394866667,
        "top_k_recall": {
          "10": 0.0,
          "50": 0.26,
          "100": 0.25
        },
        "n_rounds": 15,
        "n_total_evaluated": 280
      },
      "elapsed": 5.131174087524414,
      "best_so_far": [
        3.613084198,
        4.313500646,
        4.313500646,
        4.313500646,
        4.313500646,
        4.313500646,
        4.313500646,
        4.313500646,
        4.313500646,
        4.313500646,
        4.313500646,
        4.544497192,
        4.544497192,
        4.544497192,
        4.544497192,
        4.544497192
      ],
      "round_best": [
        4.313500646,
        4.135997405,
        2.382182873,
        4.273788993,
        3.367098356,
        2.402506978,
        4.207604886,
        2.95220475,
        2.95220475,
        1.480466225,
        4.544497192,
        3.662479672,
        2.159423753,
        1.975769688,
        1.590165417
      ],
      "n_evaluated": [
        100,
        112,
        124,
        136,
        148,
        160,
        172,
        184,
        196,
        208,
        220,
        232,
        244,
        256,
        268,
        280
      ]
    }
  }
}