{
  "config": {
    "strategies": [
      "discrete_rf_ts",
      "discrete_xgb_greedy"
    ],
    "rounds": 15,
    "batch_size": 12,
    "seed": 123,
    "n_seeds": 100,
    "subset": 5000,
    "kappa": 5.0,
    "xi": 0.01,
    "normalize": "copula"
  },
  "results": {
    "discrete_rf_ts": {
      "metrics": {
        "final_best": 2.525359966,
        "auc": 2.5253599660000003,
        "top_k_recall": {
          "10": 0.0,
          "50": 0.0,
          "100": 0.02
        },
        "n_rounds": 15,
        "n_total_evaluated": 280
      },
      "elapsed": 1.519726037979126,
      "best_so_far": [
        2.525359966,
        2.525359966,
        2.525359966,
        2.525359966,
        2.525359966,
        2.525359966,
        2.525359966,
        2.525359966,
        2.525359966,
        2.525359966,
        2.525359966,
        2.525359966,
        2.525359966,
        2.525359966,
        2.525359966,
        2.525359966
      ],
      "round_best": [
        1.042138371,
        1.85005724,
        0.717064053,
        0.783078243,
        2.201088459,
        1.411422074,
        0.474009329,
        1.439704079,
        0.649835341,
        1.911668548,
        1.17885272,
        1.306978828,
        0.863422171,
        0.47354537,
        2.147352431
      ],
      "n_evaluated": [
        100,
        112,
        124,
        136,
        148,
        160,
        172,
        184,
        196,
        208,
        220,
        232,
        244,
        256,
        268,
        280
      ]
    },
    "discrete_xgb_greedy": {
      "metrics": {
        "final_best": 4.313500646,
        "auc": 3.463526228733334,
        "top_k_recall": {
          "10": 0.2,
          "50": 0.06,
          "100": 0.14
        },
        "n_rounds": 15,
        "n_total_evaluated": 280
      },
      "elapsed": 3.335798978805542,
      "best_so_far": [
        2.525359966,
        2.525359966,
        2.525359966,
        2.525359966,
        2.525359966,
        2.716064439,
        2.76072715,
        2.76072715,
        4.313500646,
        4.313500646,
        4.313500646,
        4.313500646,
        4.313500646,
        4.313500646,
        4.313500646,
        4.313500646
      ],
      "round_best": [
        1.042138371,
        2.245236056,
        2.455779717,
        1.547642573,
        2.716064439,
        2.76072715,
        1.903378956,
        4.313500646,
        2.339354304,
        2.318392399,
        2.060485326,
        2.64116174,
        4.289919611,
        2.068002266,
        2.274156949
      ],
      "n_evaluated": [
        100,
        112,
        124,
        136,
        148,
        160,
        172,
        184,
        196,
        208,
        220,
        232,
        244,
        256,
        268,
        280
      ]
    }
  }
}