{
  "n_anchor_ILs": 279,
  "n_anchor_ILs_ge_3": 1,
  "n_study_pairs": 4,
  "mean_spearman_rho": 0.377506917506789,
  "median_spearman_rho": 0.3714819258638646,
  "mean_rho_p_value": 0.10696760725527603,
  "pairwise_summary": {
    "in_vitro_single_formulation__in_vitro_single_formulation": {
      "mean_rho": 0.377506917506789,
      "median_rho": 0.3714819258638646,
      "n_pairs": 4
    }
  }
}