{
  "r2_m0": -4.3877413302695345e-06,
  "r2_m1": -6.148794413185499e-06,
  "r2_m2": -0.04569247879646565,
  "r2_study": -1.7610453559044718e-06,
  "r2_chemistry": -0.04568604908792907,
  "ratio_study_to_chem": 3.854667652514881e-05
}