{
  "xgb": {
    "coverage_90": 0.8686472346786248,
    "interval_width": 2.8656381455104065,
    "r2_test": -0.050543658103270106
  },
  "gp": {
    "coverage_90": 0.9136771300448431,
    "interval_width": 3.087388606419561,
    "r2_test": -0.004011580979224938
  },
  "vrex": {
    "coverage_90": 0.8938714499252616,
    "interval_width": 3.029090050832508,
    "r2_test": -0.030294793828234523
  },
  "per_study": {
    "31570898.0": {
      "n": 1128,
      "coverage_90_xgb": 0.8856382978723404
    },
    "32080183.0": {
      "n": 30,
      "coverage_90_xgb": 0.8666666666666667
    },
    "35879315.0": {
      "n": 1080,
      "coverage_90_xgb": 0.9027777777777778
    },
    "37480759.0": {
      "n": 260,
      "coverage_90_xgb": 0.9192307692307692
    },
    "37985700.0": {
      "n": 1902,
      "coverage_90_xgb": 0.8916929547844374
    },
    "38409275.0": {
      "n": 60,
      "coverage_90_xgb": 0.8833333333333333
    },
    "38740955.0": {
      "n": 611,
      "coverage_90_xgb": 0.900163666121113
    },
    "38969646.0": {
      "n": 140,
      "coverage_90_xgb": 0.8571428571428571
    },
    "40796944.0": {
      "n": 141,
      "coverage_90_xgb": 0.8936170212765957
    }
  }
}