{
  "fixed_noise": {
    "r2": 0.09954501849022035,
    "coverage_90": 0.9281624154086413,
    "ece_90": 0.028162415408641284,
    "sigma_a2": 0.006600287705986307,
    "sigma_e2": 0.9959961859264602,
    "noise_init": 1.0025964736324466,
    "sparse_gp": true,
    "per_study": {
      "18438401.0": {
        "coverage_90": 0.9302325581395349,
        "ece_90": 0.03023255813953485,
        "n": 43
      },
      "20080679.0": {
        "coverage_90": 1.0,
        "ece_90": 0.09999999999999998,
        "n": 8
      },
      "22902058.0": {
        "coverage_90": 0.875,
        "ece_90": 0.025000000000000022,
        "n": 8
      },
      "24969323.0": {
        "coverage_90": 0.9465648854961832,
        "ece_90": 0.046564885496183206,
        "n": 131
      },
      "26729861.0": {
        "coverage_90": 0.9403973509933775,
        "ece_90": 0.04039735099337749,
        "n": 151
      },
      "27981708.0": {
        "coverage_90": 1.0,
        "ece_90": 0.09999999999999998,
        "n": 8
      },
      "29786478.0": {
        "coverage_90": 1.0,
        "ece_90": 0.09999999999999998,
        "n": 1
      },
      "31570898.0": {
        "coverage_90": 0.9385964912280702,
        "ece_90": 0.038596491228070184,
        "n": 114
      },
      "32080183.0": {
        "coverage_90": 0.5,
        "ece_90": 0.4,
        "n": 4
      },
      "33305471.0": {
        "coverage_90": 1.0,
        "ece_90": 0.09999999999999998,
        "n": 8
      },
      "33542471.0": {
        "coverage_90": 0.8548387096774194,
        "ece_90": 0.04516129032258065,
        "n": 62
      },
      "35879315.0": {
        "coverage_90": 0.9099099099099099,
        "ece_90": 0.00990990990990992,
        "n": 111
      },
      "36269150.0": {
        "coverage_90": 0.9375,
        "ece_90": 0.03749999999999998,
        "n": 16
      },
      "36997680.0": {
        "coverage_90": 0.9431818181818182,
        "ece_90": 0.04318181818181821,
        "n": 88
      },
      "37127709.0": {
        "coverage_90": 0.9473684210526315,
        "ece_90": 0.047368421052631504,
        "n": 38
      },
      "37480759.0": {
        "coverage_90": 0.9666666666666667,
        "ece_90": 0.06666666666666665,
        "n": 30
      },
      "37591187.0": {
        "coverage_90": 0.9230769230769231,
        "ece_90": 0.023076923076923106,
        "n": 13
      },
      "37661193.0": {
        "coverage_90": 1.0,
        "ece_90": 0.09999999999999998,
        "n": 34
      },
      "37853662.0": {
        "coverage_90": 1.0,
        "ece_90": 0.09999999999999998,
        "n": 17
      },
      "37985700.0": {
        "coverage_90": 0.9119170984455959,
        "ece_90": 0.011917098445595853,
        "n": 193
      },
      "37990414.0": {
        "coverage_90": 0.9583333333333334,
        "ece_90": 0.05833333333333335,
        "n": 24
      },
      "38060560.0": {
        "coverage_90": 0.9285714285714286,
        "ece_90": 0.02857142857142858,
        "n": 28
      },
      "38082180.0": {
        "coverage_90": 0.9658119658119658,
        "ece_90": 0.0658119658119658,
        "n": 117
      },
      "38409275.0": {
        "coverage_90": 1.0,
        "ece_90": 0.09999999999999998,
        "n": 5
      },
      "38424061.0": {
        "coverage_90": 0.8961038961038961,
        "ece_90": 0.003896103896103953,
        "n": 77
      },
      "38437545.0": {
        "coverage_90": 0.9523809523809523,
        "ece_90": 0.052380952380952306,
        "n": 42
      },
      "38740955.0": {
        "coverage_90": 0.8775510204081632,
        "ece_90": 0.022448979591836782,
        "n": 49
      },
      "38969646.0": {
        "coverage_90": 0.9411764705882353,
        "ece_90": 0.04117647058823526,
        "n": 17
      },
      "39060305.0": {
        "coverage_90": 0.9262672811059908,
        "ece_90": 0.026267281105990747,
        "n": 217
      },
      "39099464.0": {
        "coverage_90": 0.9444444444444444,
        "ece_90": 0.0444444444444444,
        "n": 18
      },
      "39354147.0": {
        "coverage_90": 1.0,
        "ece_90": 0.09999999999999998,
        "n": 28
      },
      "39424104.0": {
        "coverage_90": 0.8,
        "ece_90": 0.09999999999999998,
        "n": 20
      },
      "39497197.0": {
        "coverage_90": 0.90625,
        "ece_90": 0.006249999999999978,
        "n": 64
      },
      "39502027.0": {
        "coverage_90": 1.0,
        "ece_90": 0.09999999999999998,
        "n": 2
      },
      "39578640.0": {
        "coverage_90": 0.85,
        "ece_90": 0.050000000000000044,
        "n": 20
      },
      "39742515.0": {
        "coverage_90": 1.0,
        "ece_90": 0.09999999999999998,
        "n": 25
      },
      "39875076.0": {
        "coverage_90": 1.0,
        "ece_90": 0.09999999999999998,
        "n": 7
      },
      "40060499.0": {
        "coverage_90": 0.8793103448275862,
        "ece_90": 0.020689655172413834,
        "n": 58
      },
      "40234552.0": {
        "coverage_90": 1.0,
        "ece_90": 0.09999999999999998,
        "n": 10
      },
      "40796944.0": {
        "coverage_90": 0.8666666666666667,
        "ece_90": 0.033333333333333326,
        "n": 15
      }
    }
  },
  "learned_noise": {
    "r2": 0.09802769308605574,
    "coverage_90": 0.9292035398230089,
    "ece_90": 0.02920353982300883,
    "sigma_a2": 0.006600287705986307,
    "sigma_e2": 0.9959961859264602,
    "noise_init": 1.0025964736324466,
    "sparse_gp": true,
    "per_study": {
      "18438401.0": {
        "coverage_90": 0.9302325581395349,
        "ece_90": 0.03023255813953485,
        "n": 43
      },
      "20080679.0": {
        "coverage_90": 1.0,
        "ece_90": 0.09999999999999998,
        "n": 8
      },
      "22902058.0": {
        "coverage_90": 0.875,
        "ece_90": 0.025000000000000022,
        "n": 8
      },
      "24969323.0": {
        "coverage_90": 0.9465648854961832,
        "ece_90": 0.046564885496183206,
        "n": 131
      },
      "26729861.0": {
        "coverage_90": 0.9403973509933775,
        "ece_90": 0.04039735099337749,
        "n": 151
      },
      "27981708.0": {
        "coverage_90": 1.0,
        "ece_90": 0.09999999999999998,
        "n": 8
      },
      "29786478.0": {
        "coverage_90": 1.0,
        "ece_90": 0.09999999999999998,
        "n": 1
      },
      "31570898.0": {
        "coverage_90": 0.9385964912280702,
        "ece_90": 0.038596491228070184,
        "n": 114
      },
      "32080183.0": {
        "coverage_90": 0.5,
        "ece_90": 0.4,
        "n": 4
      },
      "33305471.0": {
        "coverage_90": 1.0,
        "ece_90": 0.09999999999999998,
        "n": 8
      },
      "33542471.0": {
        "coverage_90": 0.8548387096774194,
        "ece_90": 0.04516129032258065,
        "n": 62
      },
      "35879315.0": {
        "coverage_90": 0.9099099099099099,
        "ece_90": 0.00990990990990992,
        "n": 111
      },
      "36269150.0": {
        "coverage_90": 0.9375,
        "ece_90": 0.03749999999999998,
        "n": 16
      },
      "36997680.0": {
        "coverage_90": 0.9318181818181818,
        "ece_90": 0.031818181818181746,
        "n": 88
      },
      "37127709.0": {
        "coverage_90": 0.9473684210526315,
        "ece_90": 0.047368421052631504,
        "n": 38
      },
      "37480759.0": {
        "coverage_90": 0.9666666666666667,
        "ece_90": 0.06666666666666665,
        "n": 30
      },
      "37591187.0": {
        "coverage_90": 0.9230769230769231,
        "ece_90": 0.023076923076923106,
        "n": 13
      },
      "37661193.0": {
        "coverage_90": 1.0,
        "ece_90": 0.09999999999999998,
        "n": 34
      },
      "37853662.0": {
        "coverage_90": 1.0,
        "ece_90": 0.09999999999999998,
        "n": 17
      },
      "37985700.0": {
        "coverage_90": 0.917098445595855,
        "ece_90": 0.01709844559585494,
        "n": 193
      },
      "37990414.0": {
        "coverage_90": 0.9583333333333334,