{
  "0.001": {
    "r2_train": 0.15674102306365967,
    "r2_test": -0.620128870010376,
    "worst5_r2": -1.907146143913269,
    "top_weighted_studies": {
      "18438401.0": 0.03103762223061618,
      "20080679.0": 0.02935220876186435,
      "22902058.0": 0.03046560075284189,
      "24969323.0": 0.030354718739956973,
      "26729861.0": 0.03070229510138214,
      "27981708.0": 0.0296977552245654,
      "29653760.0": 0.028819599631668923,
      "29786478.0": 0.033073606232593145,
      "33305471.0": 0.027968153381703477,
      "33542471.0": 0.029968686169511777,
      "36269150.0": 0.028426075574243176,
      "36997680.0": 0.030842685855170016,
      "37127709.0": 0.029565996875901276,
      "37591187.0": 0.030417851034580945,
      "37661193.0": 0.029237058025770615,
      "37853662.0": 0.029458471017519753,
      "37990414.0": 0.030602863744751834,
      "38060560.0": 0.03067574986643895,
      "38082180.0": 0.031231896812430292,
      "38424061.0": 0.03129437736826765,
      "38437545.0": 0.03076428332738837,
      "39060305.0": 0.03089556211506286,
      "39099464.0": 0.03237905434075424,
      "39354147.0": 0.03084638501110952,
      "39424104.0": 0.030402673214954223,
      "39497197.0": 0.031289709458682195,
      "39502027.0": 0.03069841582493566,
      "39578640.0": 0.03149535446145262,
      "39742515.0": 0.03071038708597338,
      "39875076.0": 0.029588120405364886,
      "40060499.0": 0.03125557929669218,
      "40131321.0": 0.029407002999466973,
      "40234552.0": 0.027074200056384123
    }
  },
  "0.01": {
    "r2_train": 0.1705130934715271,
    "r2_test": -0.8909653425216675,
    "worst5_r2": -3.0704187631607054,
    "top_weighted_studies": {
      "18438401.0": 0.03637498339816007,
      "20080679.0": 0.019702951952760523,
      "22902058.0": 0.030022469799827155,
      "24969323.0": 0.030247831571914165,
      "26729861.0": 0.03228740205571034,
      "27981708.0": 0.021159472952236767,
      "29653760.0": 0.016685310591331326,
      "29786478.0": 0.07170467125463516,
      "33305471.0": 0.012592987210759165,
      "33542471.0": 0.024825038704320977,
      "36269150.0": 0.013636798000775883,
      "36997680.0": 0.03385781436010039,
      "37127709.0": 0.02002241727148847,
      "37591187.0": 0.029000142054283695,
      "37661193.0": 0.019811027598611072,
      "37853662.0": 0.020592386987784317,
      "37990414.0": 0.03101493421132544,
      "38060560.0": 0.03187772421096219,
      "38082180.0": 0.041058131815990453,
      "38424061.0": 0.04033882256587173,
      "38437545.0": 0.03297483548009128,
      "39060305.0": 0.03653406770699292,
      "39099464.0": 0.05331996582337915,
      "39354147.0": 0.03145358246297249,
      "39424104.0": 0.030416331614102107,
      "39497197.0": 0.04087129372348133,
      "39502027.0": 0.03181950283891472,
      "39578640.0": 0.04286521747379732,
      "39742515.0": 0.03317408849047844,
      "39875076.0": 0.02322887689050756,
      "40060499.0": 0.03492004133743109,
      "40131321.0": 0.022131539166063856,
      "40234552.0": 0.00947733842293856
    }
  },
  "0.1": {
    "r2_train": 0.10164058208465576,
    "r2_test": -0.3137807846069336,
    "worst5_r2": -0.7278902530670166,
    "top_weighted_studies": {
      "18438401.0": 0.0026834397887436526,
      "20080679.0": 0.00012426524296456918,
      "22902058.0": 0.0009304283653111039,
      "24969323.0": 0.0006905138975089599,
      "26729861.0": 0.000726203982784252,
      "27981708.0": 0.00011586111708065986,
      "29653760.0": 6.555173304659372e-05,
      "29786478.0": 0.9277291579275376,
      "33305471.0": 3.25844864391966e-06,
      "33542471.0": 0.00019153630056398114,
      "36269150.0": 3.6903680571475324e-05,
      "36997680.0": 0.0015100167833887513,
      "37127709.0": 8.053284549002488e-05,
      "37591187.0": 0.0008920195961309905,
      "37661193.0": 4.549543689621015e-05,
      "37853662.0": 0.00010359197176067078,
      "37990414.0": 0.0014346307005865923,
      "38060560.0": 0.0011185416935828218,
      "38082180.0": 0.005584052671900379,
      "38424061.0": 0.0074695160312634335,
      "38437545.0": 0.0009802474452751246,
      "39060305.0": 0.001315290826209617,
      "39099464.0": 0.021747678256284642,
      "39354147.0": 0.0007463679080351896,
      "39424104.0": 0.0003078798256130873,
      "39497197.0": 0.004281490241443917,
      "39502027.0": 0.0017814692017507278,
      "39578640.0": 0.010566008248749145,
      "39742515.0": 0.002108703012452696,
      "39875076.0": 3.437684081405963e-05,
      "40060499.0": 0.004585190131124029,
      "40131321.0": 9.714795177734206e-06,
      "40234552.0": 6.505131331534751e-08
    }
  }
}