{
  "config": {
    "n_bits": 2048,
    "radius": 3,
    "n_inducing": 512,
    "epochs": 50,
    "batch_size": 1024,
    "seeds": [
      42,
      123,
      456,
      789,
      2024
    ]
  },
  "seed_42": {
    "scaffold_split": {
      "tanimoto_raw_fp": {
        "r2": 0.10277324914932251,
        "coverage_90": 0.8896408120770432,
        "ece_90": 0.01035918792295687,
        "mean_interval_width": 2.7871893223712343,
        "n_inducing": 512,
        "n_features": 2048,
        "train_time_s": 362.9
      },
      "rbf_pca": {
        "r2": 0.10617232322692871,
        "coverage_90": 0.8964081207704321,
        "ece_90": 0.0035918792295679403,
        "mean_interval_width": 2.8003903356479163,
        "n_pca_components": 10,
        "pca_variance_explained": 0.1211,
        "n_inducing": 512,
        "train_time_s": 44.1
      }
    },
    "study_split": {
      "tanimoto_raw_fp": {
        "r2": 0.009226500988006592,
        "coverage_90": 0.8983971044467425,
        "ece_90": 0.001602895553257544,
        "mean_interval_width": 2.9839392054577365,
        "n_inducing": 512,
        "n_features": 2048,
        "train_time_s": 943.9
      },
      "rbf_pca": {
        "r2": -0.006429076194763184,
        "coverage_90": 0.8914167528438469,
        "ece_90": 0.008583247156153107,
        "mean_interval_width": 2.8969420102736754,
        "n_pca_components": 10,
        "pca_variance_explained": 0.1231,
        "n_inducing": 512,
        "train_time_s": 86.3
      }
    }
  },
  "seed_123": {
    "scaffold_split": {
      "tanimoto_raw_fp": {
        "r2": 0.1358281373977661,
        "coverage_90": 0.8995314940135346,
        "ece_90": 0.0004685059864654173,
        "mean_interval_width": 2.7860753814820294,
        "n_inducing": 512,
        "n_features": 2048,
        "train_time_s": 1643.0
      },
      "rbf_pca": {
        "r2": 0.11797428131103516,
        "coverage_90": 0.9026548672566371,
        "ece_90": 0.0026548672566371057,
        "mean_interval_width": 2.794496115769462,
        "n_pca_components": 10,
        "pca_variance_explained": 0.1208,
        "n_inducing": 512,
        "train_time_s": 69.2
      }
    },
    "study_split": {
      "tanimoto_raw_fp": {
        "r2": -0.06773495674133301,
        "coverage_90": 0.8571959836370397,
        "ece_90": 0.04280401636296027,
        "mean_interval_width": 2.9182637526343957,
        "n_inducing": 512,
        "n_features": 2048,
        "train_time_s": 919.0
      },
      "rbf_pca": {
        "r2": -0.019948840141296387,
        "coverage_90": 0.8746746002231313,
        "ece_90": 0.025325399776868762,
        "mean_interval_width": 2.8450195410848957,
        "n_pca_components": 10,
        "pca_variance_explained": 0.1321,
        "n_inducing": 512,
        "train_time_s": 146.5
      }
    }
  },
  "seed_456": {
    "scaffold_split": {
      "tanimoto_raw_fp": {
        "r2": 0.0887947678565979,
        "coverage_90": 0.8938053097345132,
        "ece_90": 0.006194690265486802,
        "mean_interval_width": 2.789589756162054,
        "n_inducing": 512,
        "n_features": 2048,
        "train_time_s": 708.7
      },
      "rbf_pca": {
        "r2": 0.07587039470672607,
        "coverage_90": 0.8896408120770432,
        "ece_90": 0.01035918792295687,
        "mean_interval_width": 2.8105601198793213,
        "n_pca_components": 10,
        "pca_variance_explained": 0.1211,
        "n_inducing": 512,
        "train_time_s": 130.7
      }
    },
    "study_split": {
      "tanimoto_raw_fp": {
        "r2": 0.00045746564865112305,
        "coverage_90": 0.8906598661141217,
        "ece_90": 0.009340133885878288,
        "mean_interval_width": 2.8733943469528684,
        "n_inducing": 512,
        "n_features": 2048,
        "train_time_s": 675.9
      },
      "rbf_pca": {
        "r2": -0.007875323295593262,
        "coverage_90": 0.8925725215173733,
        "ece_90": 0.007427478482626704,
        "mean_interval_width": 2.8761922386177274,
        "n_pca_components": 10,
        "pca_variance_explained": 0.1214,
        "n_inducing": 512,
        "train_time_s": 58.7
      }
    }
  },
  "seed_789": {
    "scaffold_split": {
      "tanimoto_raw_fp": {
        "r2": 0.08178776502609253,
        "coverage_90": 0.8849557522123894,
        "ece_90": 0.015044247787610598,
        "mean_interval_width": 2.78995858608858,
        "n_inducing": 512,
        "n_features": 2048,
        "train_time_s": 868.4
      },
      "rbf_pca": {
        "r2": 0.07464867830276489,
        "coverage_90": 0.8932847475273296,
        "ece_90": 0.006715252472670463,
        "mean_interval_width": 2.804589232004444,
        "n_pca_components": 10,
        "pca_variance_explained": 0.1214,
        "n_inducing": 512,
        "train_time_s": 113.2
      }
    },
    "study_split": {
      "tanimoto_raw_fp": {
        "r2": -0.0023452043533325195,
        "coverage_90": 0.8747485829219236,
        "ece_90": 0.025251417078076432,
        "mean_interval_width": 2.8614547281032685,
        "n_inducing": 512,
        "n_features": 2048,
        "train_time_s": 210.8
      },
      "rbf_pca": {
        "r2": 0.01140683889389038,
        "coverage_90": 0.8782227098189797,
        "ece_90": 0.02177729018102037,
        "mean_interval_width": 2.8722672685809005,
        "n_pca_components": 10,
        "pca_variance_explained": 0.1432,
        "n_inducing": 512,
        "train_time_s": 17.0
      }
    }
  },
  "seed_2024": {
    "scaffold_split": {
      "tanimoto_raw_fp": {
        "r2": 0.1090819239616394,
        "coverage_90": 0.8958875585632483,
        "ece_90": 0.004112441436751713,
        "mean_interval_width": 2.784950067846552,
        "n_inducing": 512,
        "n_features": 2048,
        "train_time_s": 438.0
      },
      "rbf_pca": {
        "r2": 0.10453486442565918,
        "coverage_90": 0.9047371160853722,
        "ece_90": 0.004737116085372195,
        "mean_interval_width": 2.7919045021921653,
        "n_pca_components": 10,
        "pca_variance_explained": 0.1213,
        "n_inducing": 512,
        "train_time_s": 20.5
      }
    },
    "study_split": {
      "tanimoto_raw_fp": {
        "r2": -0.0036619901657104492,
        "coverage_90": 0.8968763371844245,
        "ece_90": 0.003123662815575523,
        "mean_interval_width": 2.7936400224897104,
        "n_inducing": 512,
        "n_features": 2048,
        "train_time_s": 369.3
      },
      "rbf_pca": {
        "r2": -0.024898886680603027,
        "coverage_90": 0.9139922978177151,
        "ece_90": 0.01399229781771505,
        "mean_interval_width": 2.8065682859376855,
        "n_pca_components": 10,
        "pca_variance_explained": 0.1246,
        "n_inducing": 512,
        "train_time_s": 23.5
      }
    }
  },
  "summary": {
    "scaffold_split": {
      "tanimoto_raw_fp": {
        "r2_mean": 0.1037,
        "r2_std": 0.0188,
        "r2_values": [
          0.1028,
          0.1358,
          0.0888,
          0.0818,
          0.1091
        ]
      },
      "rbf_pca": {
        "r2_mean": 0.0958,
        "r2_std": 0.0174,
        "r2_values": [
          0.1062,
          0.118,
          0.0759,
          0.0746,
          0.1045
        ]
      }
    },
    "study_split": {
      "tanimoto_raw_fp": {
        "r2_mean": -0.0128,
        "r2_std": 0.0278,
        "r2_values": [
          0.0092,
          -0.0677,
          0.0005,
          -0.0023,
          -0.0037
        ]
      },
      "rbf_pca": {
        "r2_mean": -0.0095,
        "r2_std": 0.0126,
        "r2_values": [
          -0.0064,
          -0.0199,
          -0.0079,
          0.0114,
          -0.0249
        ]
      }
    }
  }
}