{
  "0.0": {
    "r2_train": 0.1763514280319214,
    "r2_test": -0.8939862251281738
  },
  "0.1": {
    "r2_train": 0.14282584190368652,
    "r2_test": -1.020221471786499
  },
  "1.0": {
    "r2_train": 0.13224434852600098,
    "r2_test": -0.22767913341522217
  },
  "10.0": {
    "r2_train": 0.05947256088256836,
    "r2_test": -0.03972792625427246
  },
  "100.0": {
    "r2_train": -0.09026968479156494,
    "r2_test": -0.14337265491485596
  }
}